{
  "iteration": 188,
  "Ew/E0": 0.9999999101650539,
  "Ec/E0": 0.7459571976252999,
  "Delta_frac": 3.536213005243623e-07,
  "cprod": 0.9999497284188665,
  "E0": -4.500811617395542
}