{
  "iteration": 105,
  "Ew/E0": 0.9643636233041316,
  "Ec/E0": 0.7460629459118074,
  "Delta_frac": 0.14033547338661276,
  "cprod": 0.9259263273582476,
  "E0": -4.500340628304729
}