{
  "iteration": 238,
  "Ew/E0": 0.9999999813007278,
  "Ec/E0": 0.745987036632564,
  "Delta_frac": 7.361542513313772e-08,
  "cprod": 0.9999762228559881,
  "E0": -4.500698545315578
}