{
  "iteration": 19,
  "Ew/E0": 0.999750016859626,
  "Ec/E0": 0.7459619014667982,
  "Delta_frac": 0.0009840379920077222,
  "cprod": 0.9270525779909851,
  "E0": -4.50075410776784
}