{
  "iteration": 212,
  "Ew/E0": 0.9992100348466724,
  "Ec/E0": 0.7459320865257973,
  "Delta_frac": 0.0031092676856571697,
  "cprod": 0.8638159487933582,
  "E0": -4.501046920845663
}