{
  "iteration": 136,
  "Ew/E0": 0.9999999842024963,
  "Ec/E0": 0.7459151570982046,
  "Delta_frac": 6.217412878226428e-08,
  "cprod": 0.9999815101993458,
  "E0": -4.501223520077014
}