{
  "iteration": 183,
  "Ew/E0": 0.9999999841387243,
  "Ec/E0": 0.7459449551886232,
  "Delta_frac": 6.243243773485524e-08,
  "cprod": 0.9999905455994108,
  "E0": -4.501016446551557
}