{
  "iteration": 123,
  "Ew/E0": 0.999783938073607,
  "Ec/E0": 0.7459568786358495,
  "Delta_frac": 0.0008504931179901906,
  "cprod": 0.9527191469652468,
  "E0": -4.500702633215211
}