{
  "iteration": 65,
  "Ew/E0": 0.999701508611079,
  "Ec/E0": 0.7458762384231785,
  "Delta_frac": 0.0011745906288688583,
  "cprod": 0.8875639679983406,
  "E0": -4.501238996176765
}