{
  "iteration": 87,
  "Ew/E0": 0.9999995978376822,
  "Ec/E0": 0.7458723571342376,
  "Delta_frac": 1.5825209458348693e-06,
  "cprod": 0.999873017341563,
  "E0": -4.501466154218471
}