{
  "iteration": 122,
  "Ew/E0": 0.9999830425410766,
  "Ec/E0": 0.7458490465365082,
  "Delta_frac": 6.672199609029864e-05,
  "cprod": 0.9920091182127967,
  "E0": -4.501469251408119
}