{
  "iteration": 35,
  "Ew/E0": 0.9999302278993379,
  "Ec/E0": -3.5222185375834675e-09,
  "Delta_frac": 6.977210041633574e-05,
  "cprod": 0.9378132689978377,
  "E0": -4.501285499735603
}