{
  "iteration": 48,
  "Ew/E0": 0.9999999524415499,
  "Ec/E0": 0.7459467614918578,
  "Delta_frac": 1.8719875531821034e-07,
  "cprod": 0.9999644551507761,
  "E0": -4.500831525706251
}