{
  "iteration": 225,
  "Ew/E0": 0.9999996363624006,
  "Ec/E0": 0.7459258700190955,
  "Delta_frac": 1.4312263879269592e-06,
  "cprod": 0.9998912724766066,
  "E0": -4.5011359731752645
}