{
  "iteration": 243,
  "Ew/E0": 0.9999999811578858,
  "Ec/E0": 0.7458908232828217,
  "Delta_frac": 7.414968015455992e-08,
  "cprod": 0.9999790969275285,
  "E0": -4.501401001313751
}