{
  "iteration": 39,
  "Ew/E0": 0.9999999865431745,
  "Ec/E0": -2.9261860041823525e-05,
  "Delta_frac": 1.3456431743166482e-08,
  "cprod": 0.9999842792480244,
  "E0": -4.500981740422461
}