{
  "iteration": 119,
  "Ew/E0": 0.8230777575192315,
  "Ec/E0": 0.7460392345974286,
  "Delta_frac": 0.6966518714035075,
  "cprod": 0.862476415347441,
  "E0": -4.5004623955271725
}