{
  "iteration": 239,
  "Ew/E0": 0.7253105526756531,
  "Ec/E0": -1.219913101113681e-07,
  "Delta_frac": 0.2746894138146254,
  "cprod": 0.9099779799677382,
  "E0": -4.501045067818708
}