{
  "iteration": 163,
  "Ew/E0": 0.9999999635715642,
  "Ec/E0": 0.7459355785044253,
  "Delta_frac": 1.4338267265423733e-07,
  "cprod": 0.9999651586105776,
  "E0": -4.501105478959479
}