{
  "iteration": 156,
  "Ew/E0": 0.9999999922462735,
  "Ec/E0": 0.745851273544072,
  "Delta_frac": 3.0508618653620216e-08,
  "cprod": 0.999984220973735,
  "E0": -4.50154306831683
}