{
  "iteration": 74,
  "Ew/E0": 0.9999155119375353,
  "Ec/E0": 0.7458953129755842,
  "Delta_frac": 0.00033249312893090014,
  "cprod": 0.8975970967013246,
  "E0": -4.501318471487508
}