{
  "iteration": 83,
  "Ew/E0": 0.9989431051500199,
  "Ec/E0": 0.7460658953053834,
  "Delta_frac": 0.004162083117000264,
  "cprod": 0.88020574556634,
  "E0": -4.500266860569422
}