{
  "iteration": 54,
  "Ew/E0": 0.9963354220043557,
  "Ec/E0": 0.7459937180558964,
  "Delta_frac": 0.014427115611458673,
  "cprod": 0.8964420588471423,
  "E0": -4.500606089148176
}