{
  "iteration": 144,
  "Ew/E0": 0.9999603698170231,
  "Ec/E0": 0.745997963389509,
  "Delta_frac": 0.00015602309141194784,
  "cprod": 0.9938823778824891,
  "E0": -4.500619440956846
}