{
  "iteration": 115,
  "Ew/E0": 0.9999999480807347,
  "Ec/E0": 0.7459782122527375,
  "Delta_frac": 2.0438902404220723e-07,
  "cprod": 0.9999620121061712,
  "E0": -4.500773698598913
}