{
  "iteration": 177,
  "Ew/E0": 0.8415497684962318,
  "Ec/E0": 0.7460162612816189,
  "Delta_frac": 0.6238597490662932,
  "cprod": 0.8487322842794943,
  "E0": -4.500529993186518
}