{
  "iteration": 198,
  "Ew/E0": 0.9999998778107835,
  "Ec/E0": -9.85447501103235e-07,
  "Delta_frac": 1.221890961157592e-07,
  "cprod": 0.9999438186740566,
  "E0": -4.501082468333877
}