{
  "iteration": 85,
  "Ew/E0": 0.9999999936050913,
  "Ec/E0": 0.7459050984611019,
  "Delta_frac": 2.5167402916419506e-08,
  "cprod": 0.9999840295678694,
  "E0": -4.50121675543822
}