{
  "iteration": 200,
  "Ew/E0": 0.999375310938017,
  "Ec/E0": 0.7459834994538261,
  "Delta_frac": 0.0024592459963814466,
  "cprod": 0.9494305535176143,
  "E0": -4.500650281527681
}