{
  "iteration": 127,
  "Ew/E0": 0.9998070281367877,
  "Ec/E0": 0.7458936576088504,
  "Delta_frac": 0.0007594138005232909,
  "cprod": 0.9331232823945647,
  "E0": -4.5012917886761095
}