{
  "iteration": 233,
  "Ew/E0": 0.9209523864089334,
  "Ec/E0": 0.7459593985039537,
  "Delta_frac": 0.31116133848508787,
  "cprod": 0.9150284168071782,
  "E0": -4.500693846428939
}