{
  "iteration": 207,
  "Ew/E0": 0.9999943882895008,
  "Ec/E0": 0.7459587054225525,
  "Delta_frac": 2.2089757133910012e-05,
  "cprod": 0.9992378288637281,
  "E0": -4.500960046120328
}