{
  "iteration": 173,
  "Ew/E0": 0.9997447359919555,
  "Ec/E0": 0.7458556795901052,
  "Delta_frac": 0.0010044057157478025,
  "cprod": 0.8954166043389602,
  "E0": -4.501406783674276
}