{
  "iteration": 203,
  "Ew/E0": 0.9658639343974833,
  "Ec/E0": 0.7459653549771309,
  "Delta_frac": 0.13437563053434545,
  "cprod": 0.9511823587855398,
  "E0": -4.500847239490421
}