{
  "iteration": 130,
  "Ew/E0": 0.9999987979102941,
  "Ec/E0": 0.745915517171235,
  "Delta_frac": 4.731063040637514e-06,
  "cprod": 0.999772181597851,
  "E0": -4.501001398485701
}