{
  "iteration": 192,
  "Ew/E0": 0.8126290229763389,
  "Ec/E0": -5.5649731328304315e-08,
  "Delta_frac": 0.18737096659651714,
  "cprod": 0.7767809912841749,
  "E0": -4.5007399832207975
}