{
  "iteration": 224,
  "Ew/E0": 0.9999999814487807,
  "Ec/E0": 0.7459040173170258,
  "Delta_frac": 7.300870764143285e-08,
  "cprod": 0.9999716497668883,
  "E0": -4.501306114279343
}