{
  "iteration": 153,
  "Ew/E0": 0.5534365729412023,
  "Ec/E0": 0.7459788088140843,
  "Delta_frac": 1.757977060787665,
  "cprod": 0.8061882188084623,
  "E0": -4.500497042975819
}