{
  "iteration": 30,
  "Ew/E0": 0.9999991026952468,
  "Ec/E0": 0.7460103541124069,
  "Delta_frac": 3.5328398921546248e-06,
  "cprod": 0.9998139150001876,
  "E0": -4.50066094744499
}