{
  "iteration": 21,
  "Ew/E0": 0.9999999850672154,
  "Ec/E0": 0.7458517027873951,
  "Delta_frac": 5.8756185985126015e-08,
  "cprod": 0.9999858423052274,
  "E0": -4.501492036922885
}