{
  "iteration": 38,
  "Ew/E0": 0.999999926745458,
  "Ec/E0": 0.745939522700967,
  "Delta_frac": 2.8833505613384583e-07,
  "cprod": 0.9999491004371325,
  "E0": -4.500976220613957
}