{
  "iteration": 151,
  "Ew/E0": 0.9999999434832708,
  "Ec/E0": -3.3135939719975805e-05,
  "Delta_frac": 5.6514856496495e-08,
  "cprod": 0.9999530598287456,
  "E0": -4.501445487472437
}