{
  "iteration": 166,
  "Ew/E0": 0.9997697509897783,
  "Ec/E0": 0.7459973389981969,
  "Delta_frac": 0.0009064826695659532,
  "cprod": 0.9502152636291162,
  "E0": -4.50068446860987
}