{
  "iteration": 178,
  "Ew/E0": 0.9999999910934775,
  "Ec/E0": 0.7458058673346866,
  "Delta_frac": 3.503826939142569e-08,
  "cprod": 0.9999773788040596,
  "E0": -4.501731993026347
}