{
  "iteration": 100,
  "Ew/E0": 0.937185629036965,
  "Ec/E0": 0.7459358867472969,
  "Delta_frac": 0.24723826658886341,
  "cprod": 0.9298321152545134,
  "E0": -4.5011133229689495
}