{
  "iteration": 155,
  "Ew/E0": 0.9998175174876358,
  "Ec/E0": 0.7459479763002775,
  "Delta_frac": 0.0007182879699470289,
  "cprod": 0.8512055466533482,
  "E0": -4.500956357960645
}