{
  "iteration": 208,
  "Ew/E0": 0.999946766159493,
  "Ec/E0": 0.7458974215552487,
  "Delta_frac": 0.00020949744324869556,
  "cprod": 0.8452062272466029,
  "E0": -4.501334196440602
}