{
  "iteration": 47,
  "Ew/E0": 0.8433395558998166,
  "Ec/E0": 0.7460447934089477,
  "Delta_frac": 0.6168821903795656,
  "cprod": 0.8474340609117131,
  "E0": -4.500387922810814
}