{
  "iteration": 240,
  "Ew/E0": 0.8019635932787721,
  "Ec/E0": 0.7460701441512652,
  "Delta_frac": 0.7798862644934413,
  "cprod": 0.7671151139896187,
  "E0": -4.500281626021142
}