{
  "iteration": 211,
  "Ew/E0": 0.999913125669086,
  "Ec/E0": 0.7459124480416276,
  "Delta_frac": 0.0003419070719698677,
  "cprod": 0.9337287915196001,
  "E0": -4.501271335772662
}