{
  "iteration": 193,
  "Ew/E0": 0.9998766606575329,
  "Ec/E0": 0.7460173518129478,
  "Delta_frac": 0.0004856211373002029,
  "cprod": 0.8436813405676031,
  "E0": -4.5005177954200075
}