{
  "iteration": 135,
  "Ew/E0": 0.9999997898365391,
  "Ec/E0": 0.7459386171383622,
  "Delta_frac": 8.272152916017935e-07,
  "cprod": 0.9999179102472918,
  "E0": -4.500898307504484
}