{
  "iteration": 169,
  "Ew/E0": 0.9999999298203801,
  "Ec/E0": 0.7459464471286117,
  "Delta_frac": 2.762394743705477e-07,
  "cprod": 0.9999461603425455,
  "E0": -4.500975826833155
}