{
  "iteration": 199,
  "Ew/E0": 0.9789228843664592,
  "Ec/E0": 0.7459070703859673,
  "Delta_frac": 0.08295042158613726,
  "cprod": 0.928417737433192,
  "E0": -4.501241482901907
}