{
  "iteration": 236,
  "Ew/E0": 0.8868972595977946,
  "Ec/E0": 0.7460593688309323,
  "Delta_frac": 0.44539048312794105,
  "cprod": 0.8879907788795327,
  "E0": -4.50030598704791
}