{
  "iteration": 235,
  "Ew/E0": 0.999519878545329,
  "Ec/E0": 0.7460337695608423,
  "Delta_frac": 0.0018904932905479184,
  "cprod": 0.9016641940763378,
  "E0": -4.500516581431854
}