{
  "iteration": 138,
  "Ew/E0": 0.9999999836884885,
  "Ec/E0": 0.7459339056013494,
  "Delta_frac": 6.420184291612593e-08,
  "cprod": 0.9999801633641567,
  "E0": -4.5011238872301105
}