{
  "iteration": 56,
  "Ew/E0": 0.9999499910709068,
  "Ec/E0": 0.745886995019596,
  "Delta_frac": 0.00019679799188969833,
  "cprod": 0.9874913322182595,
  "E0": -4.501253096742535
}