{
  "iteration": 218,
  "Ew/E0": 0.9999997179500982,
  "Ec/E0": 0.745896086193101,
  "Delta_frac": 1.1099785814085196e-06,
  "cprod": 0.9998841894003005,
  "E0": -4.5012848609378935
}