{
  "iteration": 93,
  "Ew/E0": 0.9999999933687106,
  "Ec/E0": 0.7456706286371874,
  "Delta_frac": 2.6073628057498757e-08,
  "cprod": 0.9999843459816784,
  "E0": -4.502641422300917
}