{
  "iteration": 174,
  "Ew/E0": 0.9999999868262145,
  "Ec/E0": 0.7458758873768486,
  "Delta_frac": 5.18399667936547e-08,
  "cprod": 0.9999775774766869,
  "E0": -4.501476520829156
}