{
  "iteration": 139,
  "Ew/E0": 0.9923910503241972,
  "Ec/E0": -4.586851330726773e-06,
  "Delta_frac": 0.007608914774841957,
  "cprod": 0.9235127290239465,
  "E0": -4.5009743089408385
}