{
  "iteration": 68,
  "Ew/E0": 0.9997448593949078,
  "Ec/E0": 0.7459543084512453,
  "Delta_frac": 0.0010043099079412906,
  "cprod": 0.9577755705091344,
  "E0": -4.500926369419809
}