{
  "iteration": 226,
  "Ew/E0": 0.9598457057252573,
  "Ec/E0": 0.7460765769371867,
  "Delta_frac": 0.15813544804336438,
  "cprod": 0.8578640916797776,
  "E0": -4.500249074503998
}