{
  "iteration": 213,
  "Ew/E0": 0.6977770957603137,
  "Ec/E0": 0.7460318424249279,
  "Delta_frac": 1.1900031371072588,
  "cprod": 0.7794678688015718,
  "E0": -4.50049587006704
}