{
  "iteration": 120,
  "Ew/E0": 0.9995022758116956,
  "Ec/E0": 0.7460225051820962,
  "Delta_frac": 0.001959717685463809,
  "cprod": 0.8908271243570485,
  "E0": -4.500483499465126
}