{
  "iteration": 28,
  "Ew/E0": 0.9999998020341967,
  "Ec/E0": 0.7458759118142124,
  "Delta_frac": 7.790123506357461e-07,
  "cprod": 0.9999139400657754,
  "E0": -4.501339484747332
}