{
  "iteration": 231,
  "Ew/E0": 0.9999999964109357,
  "Ec/E0": 0.7458424115864183,
  "Delta_frac": 1.4121413169427609e-08,
  "cprod": 0.9999891529317589,
  "E0": -4.501638657012434
}