{
  "iteration": 197,
  "Ew/E0": 0.9999999940222077,
  "Ec/E0": 0.7457174477381991,
  "Delta_frac": 2.3508463959450018e-08,
  "cprod": 0.9999880298254021,
  "E0": -4.502385796899471
}