{
  "iteration": 108,
  "Ew/E0": 0.9999833907154047,
  "Ec/E0": 0.7460384383980917,
  "Delta_frac": 6.540078148296015e-05,
  "cprod": 0.999227837504915,
  "E0": -4.500459256519629
}