{
  "iteration": 215,
  "Ew/E0": 0.9999998294539418,
  "Ec/E0": 0.7459618554028132,
  "Delta_frac": 6.713403551588874e-07,
  "cprod": 0.9999088119085487,
  "E0": -4.500869431056827
}