{
  "iteration": 14,
  "Ew/E0": 0.99999066917408,
  "Ec/E0": -1.7717885715472803e-06,
  "Delta_frac": 9.330809387821575e-06,
  "cprod": 0.9981572188051926,
  "E0": -4.500629712863269
}