{
  "iteration": 94,
  "Ew/E0": 0.9999970742289335,
  "Ec/E0": 0.7459177362847718,
  "Delta_frac": 1.1515054312672494e-05,
  "cprod": 0.9994574146474445,
  "E0": -4.501221596550042
}