{
  "iteration": 186,
  "Ew/E0": 0.9999997857181956,
  "Ec/E0": 0.7459631688709571,
  "Delta_frac": 8.435068391181674e-07,
  "cprod": 0.9999066230157848,
  "E0": -4.500930791028287
}