{
  "iteration": 219,
  "Ew/E0": 0.9999998140085937,
  "Ec/E0": 0.7459283266944043,
  "Delta_frac": 7.320430642770966e-07,
  "cprod": 0.9999277864137536,
  "E0": -4.50112569647923
}