{
  "iteration": 164,
  "Ew/E0": 0.9998779099892504,
  "Ec/E0": 0.745853215721597,
  "Delta_frac": 0.00048039171967568416,
  "cprod": 0.8837892662315839,
  "E0": -4.50157431257325
}