{
  "iteration": 69,
  "Ew/E0": 0.9224952844080865,
  "Ec/E0": 0.7460472108497882,
  "Delta_frac": 0.30519340169983256,
  "cprod": 0.9138749945392943,
  "E0": -4.500380897642287
}