{
  "iteration": 11,
  "Ew/E0": 0.996664312721073,
  "Ec/E0": 0.7459996190529391,
  "Delta_frac": 0.013132607386215802,
  "cprod": 0.9433310764572512,
  "E0": -4.500624320142177
}