{
  "iteration": 118,
  "Ew/E0": 0.9999999952723111,
  "Ec/E0": 0.7457855851949662,
  "Delta_frac": 1.8597249533093014e-08,
  "cprod": 0.9999801013348044,
  "E0": -4.501945695236564
}