{
  "iteration": 214,
  "Ew/E0": 0.7617930266163241,
  "Ec/E0": 0.7460366717169032,
  "Delta_frac": 0.9379581492889514,
  "cprod": 0.8150624316118358,
  "E0": -4.500506087760925
}