{
  "iteration": 191,
  "Ew/E0": 0.9999999437843707,
  "Ec/E0": 0.7459219120567877,
  "Delta_frac": 2.2125335468997672e-07,
  "cprod": 0.9999536784907006,
  "E0": -4.501128002913117
}