{
  "iteration": 12,
  "Ew/E0": 0.723741356187403,
  "Ec/E0": 0.7460253170270839,
  "Delta_frac": 1.0877408747156785,
  "cprod": 0.8036297431595081,
  "E0": -4.500560192047054
}