{
  "iteration": 53,
  "Ew/E0": 0.9999999811866075,
  "Ec/E0": 0.7458314043021963,
  "Delta_frac": 7.401934332719094e-08,
  "cprod": 0.999971881327352,
  "E0": -4.501585066463056
}