{
  "iteration": 13,
  "Ew/E0": 0.9990277632458932,
  "Ec/E0": 0.7459385930043636,
  "Delta_frac": 0.003826778595001372,
  "cprod": 0.9436618083694303,
  "E0": -4.501115912100278
}