{
  "iteration": 106,
  "Ew/E0": 0.9999992519881914,
  "Ec/E0": 0.7459302685134014,
  "Delta_frac": 2.9441201211163374e-06,
  "cprod": 0.9998490647558418,
  "E0": -4.501059527319775
}