{
  "iteration": 246,
  "Ew/E0": 0.9998740958305349,
  "Ec/E0": 0.745919429214382,
  "Delta_frac": 0.0004955285210349367,
  "cprod": 0.892218894965101,
  "E0": -4.501115103631103
}