{
  "iteration": 185,
  "Ew/E0": 0.9664472478280425,
  "Ec/E0": 0.7459656269082822,
  "Delta_frac": 0.13207957554564256,
  "cprod": 0.9315909629691804,
  "E0": -4.500955879092847
}