{
  "iteration": 9,
  "Ew/E0": 0.9999667325365439,
  "Ec/E0": 0.7459151120144717,
  "Delta_frac": 0.00013093050798855025,
  "cprod": 0.9886971307266852,
  "E0": -4.501201590443371
}