{
  "iteration": 43,
  "Ew/E0": 0.8312830062926058,
  "Ec/E0": 0.7460166821017823,
  "Delta_frac": 0.6642837612468964,
  "cprod": 0.7925386139766171,
  "E0": -4.500591280035042
}