{
  "iteration": 249,
  "Ew/E0": 0.9997014904764548,
  "Ec/E0": 0.7459675919358728,
  "Delta_frac": 0.0011750844147009579,
  "cprod": 0.980263258231644,
  "E0": -4.500752652770699
}