{
  "iteration": 31,
  "Ew/E0": 0.9998615838165965,
  "Ec/E0": 0.7458575105081006,
  "Delta_frac": 0.0005446400705376954,
  "cprod": 0.8872471073244094,
  "E0": -4.501575376678552
}