{
  "iteration": 95,
  "Ew/E0": 0.9999888493331338,
  "Ec/E0": 0.7459730443618047,
  "Delta_frac": 4.389560485102833e-05,
  "cprod": 0.998339934573178,
  "E0": -4.500667877593904
}