{
  "iteration": 187,
  "Ew/E0": 0.8595614005541989,
  "Ec/E0": 0.7460178936885546,
  "Delta_frac": 0.5529468256066369,
  "cprod": 0.8678126604913828,
  "E0": -4.500511204988561
}