{
  "iteration": 60,
  "Ew/E0": 0.9999528178449731,
  "Ec/E0": 0.7458833865603226,
  "Delta_frac": 0.0001856712726816024,
  "cprod": 0.8496923139596456,
  "E0": -4.5014228307178445
}