{
  "iteration": 128,
  "Ew/E0": 0.9999999832877272,
  "Ec/E0": 0.7458929738495748,
  "Delta_frac": 6.576863693809368e-08,
  "cprod": 0.9999757097981389,
  "E0": -4.501333496029855
}