{
  "iteration": 71,
  "Ew/E0": 0.9916628676329573,
  "Ec/E0": 0.7460171240519601,
  "Delta_frac": 0.03282556879444244,
  "cprod": 0.8668656068527462,
  "E0": -4.500626620104693
}