{
  "iteration": 189,
  "Ew/E0": 0.9999998590277581,
  "Ec/E0": 0.7459045057235986,
  "Delta_frac": 5.548002426713539e-07,
  "cprod": 0.9998849344632134,
  "E0": -4.501227357546687
}