{
  "iteration": 37,
  "Ew/E0": 0.9999999571150129,
  "Ec/E0": 0.745909247899958,
  "Delta_frac": 1.687782290417895e-07,
  "cprod": 0.9999600268852369,
  "E0": -4.50123502723633
}