{
  "iteration": 73,
  "Ew/E0": 0.9999988998786565,
  "Ec/E0": 0.7459476555271546,
  "Delta_frac": 4.330294001856453e-06,
  "cprod": 0.9997230311866798,
  "E0": -4.500954577199667
}