{
  "iteration": 63,
  "Ew/E0": 0.7647124102594689,
  "Ec/E0": 0.7460737696978528,
  "Delta_frac": 0.9265982071271724,
  "cprod": 0.8978073383573243,
  "E0": -4.5002869041781794
}