{
  "iteration": 72,
  "Ew/E0": 0.9999999757729677,
  "Ec/E0": 0.7459419437686792,
  "Delta_frac": 9.536022060247982e-08,
  "cprod": 0.9999687756694838,
  "E0": -4.50107403629157
}