{
  "iteration": 132,
  "Ew/E0": 0.9999711140451658,
  "Ec/E0": 0.7456855798266384,
  "Delta_frac": 0.00011358362932964615,
  "cprod": 0.9378115086352671,
  "E0": -4.502415057639035
}