{
  "iteration": 7,
  "Ew/E0": 0.9997032400692157,
  "Ec/E0": -3.7718900507903916e-05,
  "Delta_frac": 0.0002967487377481176,
  "cprod": 0.9148306695130525,
  "E0": -4.501616609101525
}