{
  "iteration": 23,
  "Ew/E0": 0.9807594250700237,
  "Ec/E0": 0.7460646741288537,
  "Delta_frac": 0.07576958764586976,
  "cprod": 0.9162418721965903,
  "E0": -4.500291032679346
}