{
  "iteration": 82,
  "Ew/E0": 0.9983083224333962,
  "Ec/E0": 0.7460396937398347,
  "Delta_frac": 0.006661188874417238,
  "cprod": 0.8413550284001546,
  "E0": -4.500380511723461
}