{
  "iteration": 17,
  "Ew/E0": 0.9999999176995473,
  "Ec/E0": 0.7458597270824627,
  "Delta_frac": 3.238386886072214e-07,
  "cprod": 0.9999469687142692,
  "E0": -4.5015804293049415
}