{
  "iteration": 230,
  "Ew/E0": 0.989066359174729,
  "Ec/E0": 0.7459905082555327,
  "Delta_frac": 0.043044221498109346,
  "cprod": 0.938943924028902,
  "E0": -4.500776101112863
}