{
  "iteration": 20,
  "Ew/E0": 0.9999999804801545,
  "Ec/E0": 0.745858246906044,
  "Delta_frac": 7.680692102746206e-08,
  "cprod": 0.9999763195905474,
  "E0": -4.501483782156729
}