{
  "iteration": 0,
  "Ew/E0": 0.9999999762242944,
  "Ec/E0": 0.7458142949397071,
  "Delta_frac": 9.353675348531682e-08,
  "cprod": 0.9999681525533181,
  "E0": -4.501738558626793
}