{
  "iteration": 145,
  "Ew/E0": 0.9977400174523086,
  "Ec/E0": 0.7459438776720817,
  "Delta_frac": 0.008895603565791891,
  "cprod": 0.8819347976776681,
  "E0": -4.5010866053182825
}