{
  "iteration": 161,
  "Ew/E0": 0.9999998222170211,
  "Ec/E0": 0.7458569675052255,
  "Delta_frac": 6.995390634162964e-07,
  "cprod": 0.9999219598958687,
  "E0": -4.501527621574452
}