{
  "iteration": 140,
  "Ew/E0": 0.9999999530718594,
  "Ec/E0": 0.7458624684176406,
  "Delta_frac": 1.8465647457268825e-07,
  "cprod": 0.999936287561085,
  "E0": -4.501476041822002
}