{
  "iteration": 51,
  "Ew/E0": 0.987920463605988,
  "Ec/E0": 0.746026169998918,
  "Delta_frac": 0.04756213029492289,
  "cprod": 0.8852906841598053,
  "E0": -4.500572991324098
}