{
  "iteration": 176,
  "Ew/E0": 0.9907895428135703,
  "Ec/E0": 0.7459702482431662,
  "Delta_frac": 0.036257395532340156,
  "cprod": 0.9238565149686359,
  "E0": -4.50081862242654
}