{
  "iteration": 228,
  "Ew/E0": 0.9994567742776569,
  "Ec/E0": 0.7458817944581193,
  "Delta_frac": 0.002137689116703752,
  "cprod": 0.9046506395355122,
  "E0": -4.501393961613928
}