{
  "iteration": 129,
  "Ew/E0": 0.9999999934637988,
  "Ec/E0": 0.7458572757240644,
  "Delta_frac": 2.5718624291915704e-08,
  "cprod": 0.9999863824765569,
  "E0": -4.501476039750067
}