{
  "iteration": 34,
  "Ew/E0": 0.9999790188378967,
  "Ec/E0": 0.7458433630843361,
  "Delta_frac": 8.255209211860389e-05,
  "cprod": 0.9828054101199809,
  "E0": -4.501601102452493
}