{
  "iteration": 96,
  "Ew/E0": 0.9999999655868524,
  "Ec/E0": 0.745862087565666,
  "Delta_frac": 1.3541130951376373e-07,
  "cprod": 0.999961754590151,
  "E0": -4.501402627288031
}