{
  "iteration": 182,
  "Ew/E0": 0.9999388174903001,
  "Ec/E0": 0.7459117015130684,
  "Delta_frac": 0.00024079231536510744,
  "cprod": 0.9790639824153216,
  "E0": -4.501260194107313
}