{
  "iteration": 210,
  "Ew/E0": 0.9999997961854988,
  "Ec/E0": 0.745948496185262,
  "Delta_frac": 8.022566218010918e-07,
  "cprod": 0.9999073472043324,
  "E0": -4.501010526594895
}