{
  "iteration": 245,
  "Ew/E0": 0.7736718138333193,
  "Ec/E0": 0.746090210608343,
  "Delta_frac": 0.8913724307713417,
  "cprod": 0.79759239213573,
  "E0": -4.500189849653081
}