{
  "iteration": 77,
  "Ew/E0": 0.9999997572267032,
  "Ec/E0": 0.7460100365967887,
  "Delta_frac": 9.558381502234586e-07,
  "cprod": 0.9999167760367333,
  "E0": -4.50063205124945
}