{
  "iteration": 86,
  "Ew/E0": 0.9997428550529214,
  "Ec/E0": -3.4895604639478954e-07,
  "Delta_frac": 0.00025714485734635456,
  "cprod": 0.8909391921457882,
  "E0": -4.500846504369777
}