{
  "iteration": 1,
  "Ew/E0": 0.9999997030963746,
  "Ec/E0": 0.745938806697285,
  "Delta_frac": 1.1686303661237324e-06,
  "cprod": 0.9999020860652084,
  "E0": -4.500997540106485
}