{
  "iteration": 64,
  "Ew/E0": 0.8572917470049549,
  "Ec/E0": -1.0296820131657033e-06,
  "Delta_frac": 0.14270810605107517,
  "cprod": 0.8794560469951772,
  "E0": -4.500739371778083
}