{
  "iteration": 172,
  "Ew/E0": 0.9999651798442338,
  "Ec/E0": 0.7459553376896996,
  "Delta_frac": 0.00013706312681223827,
  "cprod": 0.9927803669696801,
  "E0": -4.50087726254257
}