{
  "iteration": 220,
  "Ew/E0": 0.9999991925116473,
  "Ec/E0": 0.7459656316516731,
  "Delta_frac": 3.178657903607026e-06,
  "cprod": 0.9998203325749552,
  "E0": -4.500929101857747
}