{
  "iteration": 168,
  "Ew/E0": 0.9999999932840969,
  "Ec/E0": 0.7457957222443566,
  "Delta_frac": 2.6419315534331032e-08,
  "cprod": 0.9999837063831595,
  "E0": -4.501974010078273
}