{
  "iteration": 26,
  "Ew/E0": 0.9999994099510757,
  "Ec/E0": 0.7459735239351254,
  "Delta_frac": 2.3227851420543127e-06,
  "cprod": 0.9998508028352324,
  "E0": -4.500897003859896
}