{
  "iteration": 75,
  "Ew/E0": 0.7701655364790688,
  "Ec/E0": 0.746033052782463,
  "Delta_frac": 0.9049778565242389,
  "cprod": 0.8585270599597169,
  "E0": -4.500530834647588
}