{
  "iteration": 76,
  "Ew/E0": 0.9999899506899543,
  "Ec/E0": -9.474077892255306e-06,
  "Delta_frac": 1.0049214838677745e-05,
  "cprod": 0.9977994529104098,
  "E0": -4.5009920338940255
}