{
  "iteration": 117,
  "Ew/E0": 0.9999997976124524,
  "Ec/E0": 0.7460036050242478,
  "Delta_frac": 7.968126778314768e-07,
  "cprod": 0.9999251639142321,
  "E0": -4.500669055177704
}