{
  "iteration": 104,
  "Ew/E0": 0.9999999919734615,
  "Ec/E0": 0.7458952410159019,
  "Delta_frac": 3.1587517482343924e-08,
  "cprod": 0.9999828005811277,
  "E0": -4.501354601720152
}