{
  "iteration": 91,
  "Ew/E0": 0.9999998344817272,
  "Ec/E0": 0.745918486727913,
  "Delta_frac": 6.51437684578496e-07,
  "cprod": 0.999833520108158,
  "E0": -4.501155807555095
}