{
  "iteration": 202,
  "Ew/E0": 0.9999998012229325,
  "Ec/E0": 0.7459285482201911,
  "Delta_frac": 7.823667951434663e-07,
  "cprod": 0.9999168197407579,
  "E0": -4.501181123847546
}