{
  "iteration": 107,
  "Ew/E0": 0.8468037938369685,
  "Ec/E0": 0.7460039851338817,
  "Delta_frac": 0.6031441329651626,
  "cprod": 0.868992729849667,
  "E0": -4.500581908505732
}