{
  "iteration": 97,
  "Ew/E0": 0.9997126412614351,
  "Ec/E0": 0.7459762892577367,
  "Delta_frac": 0.0011312280169643205,
  "cprod": 0.8534823618753548,
  "E0": -4.500770243189751
}