{
  "iteration": 227,
  "Ew/E0": 0.9999999143791997,
  "Ec/E0": 0.7458699583127373,
  "Delta_frac": 3.3691727179059554e-07,
  "cprod": 0.9999434236391643,
  "E0": -4.501406912552959
}