{
  "iteration": 237,
  "Ew/E0": 0.9990370700999542,
  "Ec/E0": 0.7458749860106314,
  "Delta_frac": 0.003789197627298496,
  "cprod": 0.880539142886672,
  "E0": -4.501411147344403
}