{
  "iteration": 58,
  "Ew/E0": 0.9999999788621737,
  "Ec/E0": 0.7459432932056083,
  "Delta_frac": 8.320121346940501e-08,
  "cprod": 0.9999725553649091,
  "E0": -4.501014957213369
}