{
  "iteration": 33,
  "Ew/E0": 0.9999999528441571,
  "Ec/E0": 0.7459387940497122,
  "Delta_frac": 1.8560819928415905e-07,
  "cprod": 0.9999681909031476,
  "E0": -4.501035578090935
}