{
  "iteration": 92,
  "Ew/E0": 0.8219660494413418,
  "Ec/E0": -4.9960027260193326e-05,
  "Delta_frac": 0.17802505642198638,
  "cprod": 0.8026062418702299,
  "E0": -4.501082870161539
}