{
  "iteration": 121,
  "Ew/E0": 0.999999927197721,
  "Ec/E0": 0.7459670058095947,
  "Delta_frac": 2.86585918494465e-07,
  "cprod": 0.9999599240231042,
  "E0": -4.50087698790791
}