{
  "iteration": 141,
  "Ew/E0": 0.9607529978362961,
  "Ec/E0": 0.7460375788391038,
  "Delta_frac": 0.15453862025846418,
  "cprod": 0.932748187758763,
  "E0": -4.500528421544401
}