{
  "iteration": 4,
  "Ew/E0": 0.9295703283166373,
  "Ec/E0": 0.7459672521391106,
  "Delta_frac": 0.2772464269918879,
  "cprod": 0.6818301336097581,
  "E0": -4.50073430701891
}