{
  "iteration": 201,
  "Ew/E0": 0.9999997565467483,
  "Ec/E0": 0.7459838035963208,
  "Delta_frac": 9.584162550591597e-07,
  "cprod": 0.9999155069068933,
  "E0": -4.500662178423644
}