{
  "iteration": 99,
  "Ew/E0": 0.814207850353253,
  "Ec/E0": 0.7460837917954266,
  "Delta_frac": 0.7317065379972092,
  "cprod": 0.8495136382366743,
  "E0": -4.500229907082758
}