{
  "iteration": 137,
  "Ew/E0": 0.8981912786816778,
  "Ec/E0": 0.7459724118637684,
  "Delta_frac": 0.4007782070651458,
  "cprod": 0.8983692460399019,
  "E0": -4.5008777044673565
}