{
  "iteration": 195,
  "Ew/E0": 0.9998995472581313,
  "Ec/E0": 0.7460153752783943,
  "Delta_frac": 0.0003955071767778792,
  "cprod": 0.9423877420544639,
  "E0": -4.500609839656064
}