{
  "iteration": 5,
  "Ew/E0": 0.9997697622021983,
  "Ec/E0": 0.7460241890687043,
  "Delta_frac": 0.0009065343544231294,
  "cprod": 0.8730685748691345,
  "E0": -4.500546716964664
}