{
  "iteration": 10,
  "Ew/E0": 0.9993989226474841,
  "Ec/E0": 0.745960866858622,
  "Delta_frac": 0.002366081733483866,
  "cprod": 0.8637930681396928,
  "E0": -4.500873243924665
}