{
  "iteration": 244,
  "Ew/E0": 0.8108715339910404,
  "Ec/E0": 0.7460632524538758,
  "Delta_frac": 0.7447857304489062,
  "cprod": 0.7307946108585291,
  "E0": -4.5002861339775535
}