{
  "iteration": 171,
  "Ew/E0": 0.9900113602826693,
  "Ec/E0": 0.746025833411411,
  "Delta_frac": 0.03932935326257503,
  "cprod": 0.9741211978719339,
  "E0": -4.500451329375626
}