{
  "iteration": 143,
  "Ew/E0": 0.9999999815698416,
  "Ec/E0": 0.7459508254461024,
  "Delta_frac": 7.25456337310827e-08,
  "cprod": 0.9999790228259426,
  "E0": -4.5009032958304145
}