{
  "iteration": 223,
  "Ew/E0": 0.9996417731831694,
  "Ec/E0": 0.745983190150219,
  "Delta_frac": 0.0014102484675816535,
  "cprod": 0.8491994797495996,
  "E0": -4.500780098928041
}