{
  "iteration": 152,
  "Ew/E0": 0.998971436761185,
  "Ec/E0": 0.7459211952354681,
  "Delta_frac": 0.0040482055941983355,
  "cprod": 0.9181981061695645,
  "E0": -4.50116192374219
}