{
  "iteration": 22,
  "Ew/E0": 0.8314874584359859,
  "Ec/E0": 0.7459067166898962,
  "Delta_frac": 0.6631916411515522,
  "cprod": 0.7448392709590784,
  "E0": -4.501210044800958
}