{
  "iteration": 124,
  "Ew/E0": 0.9999998744440202,
  "Ec/E0": 0.7459762237825023,
  "Delta_frac": 4.942686139548626e-07,
  "cprod": 0.9999447201140205,
  "E0": -4.500635830947911
}