{
  "iteration": 154,
  "Ew/E0": 0.8639115776606816,
  "Ec/E0": 0.745928333480891,
  "Delta_frac": 0.5356300614066429,
  "cprod": 0.9474210953528974,
  "E0": -4.501057858285839
}