{
  "iteration": 196,
  "Ew/E0": 0.8019810917767577,
  "Ec/E0": 0.7460256978786899,
  "Delta_frac": 0.7796808833385794,
  "cprod": 0.8306250792187914,
  "E0": -4.500582839439082
}