{
  "iteration": 229,
  "Ew/E0": 0.7392069686006882,
  "Ec/E0": -8.443543887179749e-10,
  "Delta_frac": 0.26079303117911007,
  "cprod": 0.867936234520009,
  "E0": -4.500818322581763
}