{
  "iteration": 179,
  "Ew/E0": 0.9999995111462716,
  "Ec/E0": 0.7458703058634265,
  "Delta_frac": 1.9236387546795126e-06,
  "cprod": 0.99973872556944,
  "E0": -4.501432536343624
}