{
  "iteration": 70,
  "Ew/E0": 0.9999086706097513,
  "Ec/E0": 0.7458916455527577,
  "Delta_frac": 0.0003594112064805637,
  "cprod": 0.8791266548415911,
  "E0": -4.501382395966862
}