{
  "iteration": 42,
  "Ew/E0": 0.9997996924033878,
  "Ec/E0": 0.7460049365063527,
  "Delta_frac": 0.0007886279121214958,
  "cprod": 0.8729472172822549,
  "E0": -4.5006020211150926
}