{
  "iteration": 15,
  "Ew/E0": 0.9999999891436282,
  "Ec/E0": 0.7459189890482504,
  "Delta_frac": 4.272799373347677e-08,
  "cprod": 0.9999855366134254,
  "E0": -4.501235175807759
}