{
  "iteration": 150,
  "Ew/E0": 0.8596130264165686,
  "Ec/E0": 0.7459309584771012,
  "Delta_frac": 0.5525544267099488,
  "cprod": 0.8603210714950897,
  "E0": -4.50098382508568
}