{
  "iteration": 46,
  "Ew/E0": 0.9999999930695289,
  "Ec/E0": 0.7458993002770967,
  "Delta_frac": 2.727450613187076e-08,
  "cprod": 0.9999888133238413,
  "E0": -4.501306749797231
}