{
  "iteration": 184,
  "Ew/E0": 0.9997067856687163,
  "Ec/E0": -1.387576492622623e-09,
  "Delta_frac": 0.0002932143308768874,
  "cprod": 0.908733545593145,
  "E0": -4.500598423558017
}