{
  "iteration": 16,
  "Ew/E0": 0.7359086259487811,
  "Ec/E0": 0.7459346766065729,
  "Delta_frac": 1.0394624914721877,
  "cprod": 0.869882307204902,
  "E0": -4.501007044711331
}