{
  "iteration": 247,
  "Ew/E0": 0.9401132837215658,
  "Ec/E0": 0.7460600593952116,
  "Delta_frac": 0.23583023661345615,
  "cprod": 0.9302034012181043,
  "E0": -4.500250822025119
}