{
  "iteration": 113,
  "Ew/E0": 0.9994540624402679,
  "Ec/E0": 0.7460035638305119,
  "Delta_frac": 0.0021493906291182776,
  "cprod": 0.8333116729326869,
  "E0": -4.500641513888042
}