{
  "iteration": 206,
  "Ew/E0": 0.9999999638982129,
  "Ec/E0": 0.7458232432615266,
  "Delta_frac": 1.4203417971545813e-07,
  "cprod": 0.9999584875306566,
  "E0": -4.501810551119896
}