{
  "iteration": 62,
  "Ew/E0": 0.8939596670731326,
  "Ec/E0": 0.7458727745397299,
  "Delta_frac": 0.4172726189994376,
  "cprod": 0.8877005917054405,
  "E0": -4.501336772016817
}