{
  "iteration": 25,
  "Ew/E0": 0.8405917307752585,
  "Ec/E0": 0.7460119105191271,
  "Delta_frac": 0.6276210414061407,
  "cprod": 0.8440751128677263,
  "E0": -4.500651139706843
}