{
  "iteration": 45,
  "Ew/E0": 0.9999750277327548,
  "Ec/E0": 0.745950262412647,
  "Delta_frac": 9.829676457186892e-05,
  "cprod": 0.9989568426963581,
  "E0": -4.500914579725185
}