{
  "iteration": 158,
  "Ew/E0": 0.999823559533892,
  "Ec/E0": 0.7459738484633663,
  "Delta_frac": 0.0006945759916474946,
  "cprod": 0.8916265260518523,
  "E0": -4.5008255604355885
}