{
  "iteration": 181,
  "Ew/E0": 0.9999998793559416,
  "Ec/E0": 0.7459589392003734,
  "Delta_frac": 4.748998371600746e-07,
  "cprod": 0.999940384683626,
  "E0": -4.50087198502978
}