{
  "iteration": 248,
  "Ew/E0": 0.9999999260511934,
  "Ec/E0": 0.745991534596392,
  "Delta_frac": 2.911273312823038e-07,
  "cprod": 0.9999544529293134,
  "E0": -4.500741693635328
}