{
  "iteration": 101,
  "Ew/E0": 0.9999999940810227,
  "Ec/E0": 0.7458232431779864,
  "Delta_frac": 2.328685502851713e-08,
  "cprod": 0.99997810353647,
  "E0": -4.501762424065857
}