{
  "iteration": 44,
  "Ew/E0": 0.9999999799023499,
  "Ec/E0": 0.7458740854100449,
  "Delta_frac": 7.908540202438733e-08,
  "cprod": 0.9999756560030028,
  "E0": -4.5014409268072475
}