{
  "iteration": 66,
  "Ew/E0": 0.9999999267602947,
  "Ec/E0": 0.7459545157325026,
  "Delta_frac": 2.8829367113802346e-07,
  "cprod": 0.9999508111786625,
  "E0": -4.501008455680907
}