{
  "iteration": 190,
  "Ew/E0": 0.9998520095655755,
  "Ec/E0": 0.7458337826754728,
  "Delta_frac": 0.0005822584762927398,
  "cprod": 0.8886997992702265,
  "E0": -4.501518924542583
}