{
  "iteration": 40,
  "Ew/E0": 0.9999980799656607,
  "Ec/E0": 0.7459360906235692,
  "Delta_frac": 7.557288809796904e-06,
  "cprod": 0.9996712088949223,
  "E0": -4.500973208304639
}