{
  "iteration": 148,
  "Ew/E0": 0.9999086734466696,
  "Ec/E0": 0.745978774302972,
  "Delta_frac": 0.00035952331573814656,
  "cprod": 0.9948336248298855,
  "E0": -4.500802884797907
}