{
  "iteration": 134,
  "Ew/E0": 0.9998596078151825,
  "Ec/E0": 0.7460332110317476,
  "Delta_frac": 0.0005527974164964102,
  "cprod": 0.9763028218737871,
  "E0": -4.500497514786197
}