{
  "iteration": 222,
  "Ew/E0": 0.9999992608377004,
  "Ec/E0": 0.7460532112806781,
  "Delta_frac": 2.9106975649292676e-06,
  "cprod": 0.9998565883217235,
  "E0": -4.50032238134415
}