{
  "iteration": 50,
  "Ew/E0": 0.9999998456357196,
  "Ec/E0": 0.7458582945003881,
  "Delta_frac": 6.073945246441905e-07,
  "cprod": 0.9998326940053524,
  "E0": -4.501571190022817
}