{
  "iteration": 36,
  "Ew/E0": 0.9999997758194095,
  "Ec/E0": 0.7459659442732675,
  "Delta_frac": 8.824824288071505e-07,
  "cprod": 0.9998935644886372,
  "E0": -4.500920822804783
}