{
  "iteration": 205,
  "Ew/E0": 0.9997734744119209,
  "Ec/E0": -9.131618177185843e-05,
  "Delta_frac": 0.00022650490451606606,
  "cprod": 0.8345290692567177,
  "E0": -4.500709137093439
}