{
  "iteration": 165,
  "Ew/E0": 0.9997947673197932,
  "Ec/E0": 0.7457857488703106,
  "Delta_frac": 0.0008073216953604086,
  "cprod": 0.8906956641488436,
  "E0": -4.502028001214621
}