{
  "iteration": 52,
  "Ew/E0": 0.839091477951408,
  "Ec/E0": 0.7459186405964534,
  "Delta_frac": 0.6332952658405285,
  "cprod": 0.8329569800763968,
  "E0": -4.501212341087351
}