{
  "iteration": 149,
  "Ew/E0": 0.9999999810835896,
  "Ec/E0": -5.866077282524124e-11,
  "Delta_frac": 1.8916410481544107e-08,
  "cprod": 0.9999785609418593,
  "E0": -4.5017058139239765
}