{
  "iteration": 61,
  "Ew/E0": 0.9999995224996275,
  "Ec/E0": 0.7459288784891517,
  "Delta_frac": 1.8793964838797746e-06,
  "cprod": 0.9998346697474387,
  "E0": -4.50118421763634
}