{
  "iteration": 204,
  "Ew/E0": 0.9997701585782947,
  "Ec/E0": 0.7459177303645215,
  "Delta_frac": 0.0009045944923080354,
  "cprod": 0.9508948259643025,
  "E0": -4.501150633582311
}