{
  "iteration": 147,
  "Ew/E0": 0.999546506046645,
  "Ec/E0": 0.7459640580451462,
  "Delta_frac": 0.0017851566587992107,
  "cprod": 0.8416323816795744,
  "E0": -4.50075719892121
}