{
  "iteration": 6,
  "Ew/E0": 0.8411383846793669,
  "Ec/E0": -3.0977622739621616e-07,
  "Delta_frac": 0.15886156610909655,
  "cprod": 0.8395967144469617,
  "E0": -4.500855858437436
}