{
  "iteration": 67,
  "Ew/E0": 0.9998814699111064,
  "Ec/E0": 0.7459375386534688,
  "Delta_frac": 0.00046653916625640873,
  "cprod": 0.979668278394212,
  "E0": -4.500880021172126
}