{
  "iteration": 167,
  "Ew/E0": 0.9932624219956153,
  "Ec/E0": 0.7459183855877075,
  "Delta_frac": 0.0265173771820096,
  "cprod": 0.9220261946386344,
  "E0": -4.501071584521862
}