{
  "iteration": 131,
  "Ew/E0": 0.9724001397318155,
  "Ec/E0": 0.7460312017570813,
  "Delta_frac": 0.10867421690827345,
  "cprod": 0.8677035278482248,
  "E0": -4.500528369065362
}