{
  "iteration": 41,
  "Ew/E0": 0.9998817453374139,
  "Ec/E0": 0.7460088362826188,
  "Delta_frac": 0.0004655857347763626,
  "cprod": 0.8957535909459753,
  "E0": -4.500472049440899
}