{
  "iteration": 112,
  "Ew/E0": 0.9999996232303329,
  "Ec/E0": 0.7459125753504767,
  "Delta_frac": 1.4828347671198861e-06,
  "cprod": 0.9998221062610391,
  "E0": -4.501265262994985
}