{
  "iteration": 116,
  "Ew/E0": 0.9999998049298345,
  "Ec/E0": 0.7460288505373215,
  "Delta_frac": 7.680800195669988e-07,
  "cprod": 0.9999348664356146,
  "E0": -4.500508756930527
}