{
  "iteration": 88,
  "Ew/E0": 0.8551869107076905,
  "Ec/E0": 0.745988714960243,
  "Delta_frac": 0.5701049434462875,
  "cprod": 0.8439936843427347,
  "E0": -4.500785404929363
}