{
  "iteration": 27,
  "Ew/E0": 0.7490378467264661,
  "Ec/E0": 0.7459556411344345,
  "Delta_frac": 0.9878674511577616,
  "cprod": 0.8365564433989622,
  "E0": -4.500986584902128
}