{
  "iteration": 57,
  "Ew/E0": 0.9999961257066736,
  "Ec/E0": 0.7459715573989874,
  "Delta_frac": 1.5251415497631635e-05,
  "cprod": 0.9993292016509656,
  "E0": -4.500859383654785
}