{
  "iteration": 89,
  "Ew/E0": 0.99866555291547,
  "Ec/E0": 0.7460140834177704,
  "Delta_frac": 0.005254019996411935,
  "cprod": 0.8961816461150951,
  "E0": -4.5005172731724095
}