{
  "iteration": 32,
  "Ew/E0": 0.8779846547738351,
  "Ec/E0": 0.7460479168198787,
  "Delta_frac": 0.4804660142898795,
  "cprod": 0.880220957458365,
  "E0": -4.5003517142591605
}