{
  "iteration": 180,
  "Ew/E0": 0.9997302617428045,
  "Ec/E0": 0.745969922515281,
  "Delta_frac": 0.001061835904890537,
  "cprod": 0.8774518675365247,
  "E0": -4.500875707499292
}