{
  "iteration": 126,
  "Ew/E0": 0.9999954839921009,
  "Ec/E0": 0.7459362425615134,
  "Delta_frac": 1.777509686804727e-05,
  "cprod": 0.9995668885078665,
  "E0": -4.5009975840530565
}