{
  "iteration": 242,
  "Ew/E0": 0.9988915815240148,
  "Ec/E0": 5.711368997714652e-06,
  "Delta_frac": 0.001108424806608304,
  "cprod": 0.8581194751287308,
  "E0": -4.5002648382871975
}