{
  "iteration": 84,
  "Ew/E0": 0.9996927214735393,
  "Ec/E0": 0.745977405866585,
  "Delta_frac": 0.001209650375821714,
  "cprod": 0.9594116838322132,
  "E0": -4.500816947249294
}