{
  "iteration": 3,
  "Ew/E0": 0.9998769277288911,
  "Ec/E0": 0.7459699299057951,
  "Delta_frac": 0.00048447914478482455,
  "cprod": 0.9629909078955348,
  "E0": -4.500901050318486
}