{
  "iteration": 159,
  "Ew/E0": 0.8456209781978219,
  "Ec/E0": -9.87689545013748e-06,
  "Delta_frac": 0.15437749703178008,
  "cprod": 0.8373754080414423,
  "E0": -4.501241394985888
}