{
  "iteration": 18,
  "Ew/E0": 0.9999996992300692,
  "Ec/E0": 0.7459816505286635,
  "Delta_frac": 1.1840480478304543e-06,
  "cprod": 0.9999013547140598,
  "E0": -4.500641844427786
}