{
  "iteration": 81,
  "Ew/E0": 0.9999804584232509,
  "Ec/E0": 0.7457970103033849,
  "Delta_frac": 7.687390605621472e-05,
  "cprod": 0.9694487990047226,
  "E0": -4.501795878239564
}