{
  "iteration": 90,
  "Ew/E0": 0.9999999767838591,
  "Ec/E0": 0.7458918959372285,
  "Delta_frac": 9.136324464362217e-08,
  "cprod": 0.9999614296019089,
  "E0": -4.501405757620804
}