{
  "iteration": 109,
  "Ew/E0": 0.9995584453736498,
  "Ec/E0": 0.7459351815527021,
  "Delta_frac": 0.0017379605293198327,
  "cprod": 0.9797301494837972,
  "E0": -4.501024257570987
}