{
  "iteration": 79,
  "Ew/E0": 0.9998415273878707,
  "Ec/E0": 0.7460134268486858,
  "Delta_frac": 0.000623940904289129,
  "cprod": 0.834334336392832,
  "E0": -4.500450370490542
}