{
  "iteration": 157,
  "Ew/E0": 0.9727916128948658,
  "Ec/E0": 0.7459058523180029,
  "Delta_frac": 0.10707994400243304,
  "cprod": 0.9538215554046029,
  "E0": -4.501212140064723
}