{
  "iteration": 209,
  "Ew/E0": 0.9819296211049858,
  "Ec/E0": 0.7459262308467483,
  "Delta_frac": 0.07112256788741726,
  "cprod": 0.9466262627288574,
  "E0": -4.501170980587498
}