{
  "iteration": 146,
  "Ew/E0": 0.9999997902373138,
  "Ec/E0": -1.3547301162992644e-07,
  "Delta_frac": 2.097626578257389e-07,
  "cprod": 0.9998969247843528,
  "E0": -4.501223130635231
}