{
  "iteration": 162,
  "Ew/E0": 0.999878345146188,
  "Ec/E0": 0.7458959462234331,
  "Delta_frac": 0.00047875998829572644,
  "cprod": 0.9638684588115706,
  "E0": -4.501334981820628
}