{
  "iteration": 78,
  "Ew/E0": 0.999999605780747,
  "Ec/E0": -5.089806503432109e-05,
  "Delta_frac": 3.941991890235789e-07,
  "cprod": 0.9998734537614737,
  "E0": -4.500778364018644
}