{
  "iteration": 98,
  "Ew/E0": 0.8541823765635893,
  "Ec/E0": -2.554839914034262e-10,
  "Delta_frac": 0.1458176233991567,
  "cprod": 0.8219192156279357,
  "E0": -4.500750861834341
}