{
  "iteration": 111,
  "Ew/E0": 0.99999995195799,
  "Ec/E0": 0.7458776915417654,
  "Delta_frac": 1.8905073840455256e-07,
  "cprod": 0.99996414664421,
  "E0": -4.501452862932498
}