{
  "iteration": 59,
  "Ew/E0": 0.7751127057753276,
  "Ec/E0": 0.7460364426849859,
  "Delta_frac": 0.8855100968117413,
  "cprod": 0.7937809652247932,
  "E0": -4.500431235742331
}