{
  "iteration": 103,
  "Ew/E0": 0.9995788732082743,
  "Ec/E0": 0.7460409344010402,
  "Delta_frac": 0.0016582467364670255,
  "cprod": 0.874168094608621,
  "E0": -4.500472418500203
}