{
  "iteration": 160,
  "Ew/E0": 0.9759616924904648,
  "Ec/E0": 0.745963952177256,
  "Delta_frac": 0.09462557662803892,
  "cprod": 0.9291018647597457,
  "E0": -4.500726522207091
}