{
  "iteration": 217,
  "Ew/E0": 0.99992804144338,
  "Ec/E0": 0.7459285413110427,
  "Delta_frac": 0.00028322172427920476,
  "cprod": 0.888175395089474,
  "E0": -4.501155393045012
}