{
  "iteration": 170,
  "Ew/E0": 0.9999595688145967,
  "Ec/E0": 0.7458700611570048,
  "Delta_frac": 0.00015909650624935698,
  "cprod": 0.95418541241887,
  "E0": -4.5015006607049814
}