{
  "iteration": 221,
  "Ew/E0": 0.9999999588249572,
  "Ec/E0": -4.950524534834436e-08,
  "Delta_frac": 4.117504077580539e-08,
  "cprod": 0.999956137761768,
  "E0": -4.501523719794373
}