{
  "iteration": 133,
  "Ew/E0": 0.9999998992282794,
  "Ec/E0": 0.7459659597583059,
  "Delta_frac": 3.9668589504590153e-07,
  "cprod": 0.9999488769580869,
  "E0": -4.500691185352876
}