{
  "iteration": 55,
  "Ew/E0": 0.9999999420499299,
  "Ec/E0": 0.745889975763925,
  "Delta_frac": 2.2805109808937219e-07,
  "cprod": 0.9999594190160169,
  "E0": -4.501227735709875
}