{
  "iteration": 241,
  "Ew/E0": 0.9984567526773048,
  "Ec/E0": 0.7460368396898919,
  "Delta_frac": 0.006076658208264406,
  "cprod": 0.935585223887767,
  "E0": -4.500524838722039
}