{
  "iteration": 49,
  "Ew/E0": 0.9996792897114949,
  "Ec/E0": 0.7459407311531063,
  "Delta_frac": 0.0012623443732665347,
  "cprod": 0.9168250939246123,
  "E0": -4.501057505724808
}