{
  "iteration": 80,
  "Ew/E0": 0.7923023121015573,
  "Ec/E0": 0.7460177901121909,
  "Delta_frac": 0.8177647087573118,
  "cprod": 0.8118742864988783,
  "E0": -4.50041455275216
}