{
  "iteration": 102,
  "Ew/E0": 0.9999992127995357,
  "Ec/E0": 0.7457977304285771,
  "Delta_frac": 3.096748371197025e-06,
  "cprod": 0.9998276437270649,
  "E0": -4.501882826405453
}