{
  "iteration": 29,
  "Ew/E0": 0.999751247100843,
  "Ec/E0": 0.7459924058615104,
  "Delta_frac": 0.0009793128429908112,
  "cprod": 0.8379022829312296,
  "E0": -4.500751664602847
}