{
  "iteration": 232,
  "Ew/E0": 0.9999015323700045,
  "Ec/E0": 0.7459769922498931,
  "Delta_frac": 0.0003876327221998221,
  "cprod": 0.9948513481471455,
  "E0": -4.50071073196132
}