{
  "iteration": 8,
  "Ew/E0": 0.9993722767459061,
  "Ec/E0": -1.2234619336731675e-07,
  "Delta_frac": 0.000627723177294391,
  "cprod": 0.8984796841280941,
  "E0": -4.500695047822284
}