{
  "iteration": 110,
  "Ew/E0": 0.8339092579623656,
  "Ec/E0": 0.7459893010221014,
  "Delta_frac": 0.6538730167900756,
  "cprod": 0.815505554816854,
  "E0": -4.500758265028166
}