{
  "iteration": 194,
  "Ew/E0": 0.9311624440745013,
  "Ec/E0": -1.8487593383776994e-05,
  "Delta_frac": 0.0688362833082828,
  "cprod": 0.8862191438153978,
  "E0": -4.500534830281607
}