{
  "iteration": 175,
  "Ew/E0": 0.9999963209344526,
  "Ec/E0": 0.7459815985654834,
  "Delta_frac": 1.4483460751970577e-05,
  "cprod": 0.9994691089955327,
  "E0": -4.500784285192856
}