{
  "iteration": 2,
  "Ew/E0": 0.9999998495975972,
  "Ec/E0": 0.745924304135702,
  "Delta_frac": 5.919590310647204e-07,
  "cprod": 0.9999285882047749,
  "E0": -4.500996677602333
}