{
  "iteration": 234,
  "Ew/E0": 0.9997953061015692,
  "Ec/E0": 0.7457132000249863,
  "Delta_frac": 0.0008049725681826171,
  "cprod": 0.8355124167101864,
  "E0": -4.502442531267623
}