{
  "iteration": 24,
  "Ew/E0": 0.999999994831728,
  "Ec/E0": 0.7457464181891867,
  "Delta_frac": 2.0327233794150628e-08,
  "cprod": 0.9999835088963015,
  "E0": -4.50224570531951
}