{
  "iteration": 114,
  "Ew/E0": 0.999977508367645,
  "Ec/E0": -7.287619697072745e-05,
  "Delta_frac": 2.2489993369794402e-05,
  "cprod": 0.9876155756462928,
  "E0": -4.501305262607994
}