{
  "iteration": 125,
  "Ew/E0": 0.9999999622998047,
  "Ec/E0": 0.7458718424691484,
  "Delta_frac": 1.4835111413820657e-07,
  "cprod": 0.9999548278803111,
  "E0": -4.501216616463797
}