{
  "iteration": 216,
  "Ew/E0": 0.9993292710795317,
  "Ec/E0": 0.7460002206168358,
  "Delta_frac": 0.0026406673348185325,
  "cprod": 0.8855239590927281,
  "E0": -4.500626678355151
}