{
  "iteration": 142,
  "Ew/E0": 0.924899858183787,
  "Ec/E0": 0.7460668139859474,
  "Delta_frac": 0.29574764525680003,
  "cprod": 0.9163553629012698,
  "E0": -4.500338479743908
}