{
  "T": 46,
  "N": 31,
  "e_ann": -1.6141710664551319,
  "e_ann_es": 10.404626339331836,
  "E0": -4.500873243924665
}