{
  "T": 10,
  "N": 31,
  "e_ann": -4.494764246718809,
  "e_ann_es": -3.363296474979002,
  "E0": -4.500873243924665
}