{
  "T": 43,
  "N": 55,
  "e_ann": -4.391032379254675,
  "e_ann_es": 11.511899256359907,
  "E0": -4.500873243924665
}