{
  "T": 34,
  "N": 7,
  "e_ann": -3.0329991795329327,
  "e_ann_es": 1.3332969434461113,
  "E0": -4.500873243924665
}