{
  "T": 10,
  "N": 97,
  "e_ann": -4.495415366902286,
  "e_ann_es": -4.456375810353638,
  "E0": -4.500873243924665
}