{
  "T": 58,
  "N": 67,
  "e_ann": -2.7310411938208077,
  "e_ann_es": 10.295849519103562,
  "E0": -4.500873243924665
}