{
  "T": 25,
  "N": 43,
  "e_ann": -4.493678796454226,
  "e_ann_es": 0.4519399199187788,
  "E0": -4.500873243924665
}