{
  "T": 52,
  "N": 19,
  "e_ann": -2.5936985596787565,
  "e_ann_es": 2.9860484386038735,
  "E0": -4.500873243924665
}