{
  "T": 28,
  "N": 25,
  "e_ann": -1.5689423377385943,
  "e_ann_es": 0.8910658932364477,
  "E0": -4.500873243924665
}