{
  "T": 43,
  "N": 73,
  "e_ann": -4.484704632035985,
  "e_ann_es": 2.9555697282750018,
  "E0": -4.500873243924665
}