{
  "T": 52,
  "N": 49,
  "e_ann": -1.5192956678977367,
  "e_ann_es": 4.908114165108898,
  "E0": -4.500873243924665
}