{
  "T": 4,
  "N": 13,
  "e_ann": -4.447257023619397,
  "e_ann_es": -3.8709675698020085,
  "E0": -4.500873243924665
}