{
  "T": 4,
  "N": 91,
  "e_ann": -4.443247694765162,
  "e_ann_es": -4.176564023987925,
  "E0": -4.500873243924665
}