{
  "T": 25,
  "N": 25,
  "e_ann": -1.962799674255546,
  "e_ann_es": 4.3464307646722595,
  "E0": -4.500873243924665
}