{
  "T": 55,
  "N": 25,
  "e_ann": -3.8122032082875243,
  "e_ann_es": 2.2130240887955672,
  "E0": -4.500873243924665
}