{
  "T": 4,
  "N": 67,
  "e_ann": -4.443869858912805,
  "e_ann_es": -4.177332841120318,
  "E0": -4.500873243924665
}