{
  "T": 52,
  "N": 25,
  "e_ann": -3.8215164314809265,
  "e_ann_es": 1.5946064554727535,
  "E0": -4.500873243924665
}