{
  "T": 28,
  "N": 85,
  "e_ann": -4.500350165632714,
  "e_ann_es": -1.29840369907998,
  "E0": -4.500873243924665
}