{
  "T": 4,
  "N": 55,
  "e_ann": -4.444347365221564,
  "e_ann_es": -4.17807765264601,
  "E0": -4.500873243924665
}