{
  "T": 46,
  "N": 43,
  "e_ann": -1.5328384881511639,
  "e_ann_es": 2.208713239096241,
  "E0": -4.500873243924665
}