{
  "T": 22,
  "N": 55,
  "e_ann": -4.499419628731143,
  "e_ann_es": -4.288632270891107,
  "E0": -4.500873243924665
}