{
  "T": 55,
  "N": 13,
  "e_ann": -3.804380167756083,
  "e_ann_es": 3.758946941618955,
  "E0": -4.500873243924665
}