{
  "T": 43,
  "N": 49,
  "e_ann": -2.7216474499652676,
  "e_ann_es": -0.94160693965555,
  "E0": -4.500873243924665
}