{
  "T": 10,
  "N": 43,
  "e_ann": -4.495135634831328,
  "e_ann_es": -4.450048030002325,
  "E0": -4.500873243924665
}