{
  "T": 55,
  "N": 91,
  "e_ann": -4.489024088632085,
  "e_ann_es": 6.381000909918928,
  "E0": -4.500873243924665
}