{
  "T": 58,
  "N": 25,
  "e_ann": -2.606009229644563,
  "e_ann_es": 5.288453589378349,
  "E0": -4.500873243924665
}