{
  "T": 49,
  "N": 61,
  "e_ann": -4.212465759982162,
  "e_ann_es": 15.052489264888408,
  "E0": -4.500873243924665
}