{
  "T": 49,
  "N": 25,
  "e_ann": -3.8796420260986153,
  "e_ann_es": 6.467053864207184,
  "E0": -4.500873243924665
}