{
  "T": 34,
  "N": 19,
  "e_ann": -3.025366614324742,
  "e_ann_es": 4.336293601590299,
  "E0": -4.500873243924665
}