{
  "T": 49,
  "N": 73,
  "e_ann": -4.363269153159745,
  "e_ann_es": 6.769784320498136,
  "E0": -4.500873243924665
}