{
  "T": 49,
  "N": 85,
  "e_ann": -4.498559188185116,
  "e_ann_es": 0.7038410764363974,
  "E0": -4.500873243924665
}