{
  "T": 28,
  "N": 91,
  "e_ann": -4.5003504277371,
  "e_ann_es": -3.146914377735051,
  "E0": -4.500873243924665
}