{
  "T": 37,
  "N": 1,
  "e_ann": -3.0500991087525477,
  "e_ann_es": 3.552713678800501e-14,
  "E0": -4.500873243924665
}