{
  "T": 52,
  "N": 31,
  "e_ann": -2.890125705005584,
  "e_ann_es": 14.69619555911121,
  "E0": -4.500873243924665
}