{
  "T": 22,
  "N": 43,
  "e_ann": -4.4987903094121435,
  "e_ann_es": 14.759767203130764,
  "E0": -4.500873243924665
}