{
  "T": 28,
  "N": 61,
  "e_ann": -4.5003756585290375,
  "e_ann_es": 4.740480732703681,
  "E0": -4.500873243924665
}