{
  "T": 58,
  "N": 49,
  "e_ann": -1.5028392718100854,
  "e_ann_es": 8.74278080261539,
  "E0": -4.500873243924665
}