{
  "T": 22,
  "N": 25,
  "e_ann": -3.2773607730294216,
  "e_ann_es": 18.165751439234405,
  "E0": -4.500873243924665
}