{
  "T": 16,
  "N": 49,
  "e_ann": -4.499167160411101,
  "e_ann_es": -2.872697325590753,
  "E0": -4.500873243924665
}