{
  "T": 13,
  "N": 31,
  "e_ann": -4.498088560183156,
  "e_ann_es": -3.545690747989454,
  "E0": -4.500873243924665
}