{
  "T": 43,
  "N": 79,
  "e_ann": -4.500458719582777,
  "e_ann_es": 2.604719051969159,
  "E0": -4.500873243924665
}