{
  "T": 46,
  "N": 49,
  "e_ann": -1.8806919187249491,
  "e_ann_es": 3.5314104816661747,
  "E0": -4.500873243924665
}