{
  "T": 40,
  "N": 85,
  "e_ann": -4.500535302766597,
  "e_ann_es": 11.720918598372062,
  "E0": -4.500873243924665
}