{
  "T": 52,
  "N": 67,
  "e_ann": -4.416852234300315,
  "e_ann_es": 13.396951157303093,
  "E0": -4.500873243924665
}