{
  "T": 7,
  "N": 55,
  "e_ann": -4.489609219009083,
  "e_ann_es": -4.3956291635459195,
  "E0": -4.500873243924665
}