{
  "T": 7,
  "N": 91,
  "e_ann": -4.489796888622646,
  "e_ann_es": -4.3897715642986945,
  "E0": -4.500873243924665
}