{
  "T": 13,
  "N": 61,
  "e_ann": -4.498000678200011,
  "e_ann_es": -4.4675604498042,
  "E0": -4.500873243924665
}