{
  "T": 13,
  "N": 7,
  "e_ann": -4.356582431402153,
  "e_ann_es": 1.2953879483083206,
  "E0": -4.500873243924665
}