{
  "T": 49,
  "N": 79,
  "e_ann": -4.4608967140481575,
  "e_ann_es": 7.21378003308755,
  "E0": -4.500873243924665
}