{
  "T": 49,
  "N": 55,
  "e_ann": -2.3130826618305314,
  "e_ann_es": 1.3001626419160992,
  "E0": -4.500873243924665
}