{
  "T": 40,
  "N": 67,
  "e_ann": -4.48271161825587,
  "e_ann_es": 4.676050792052912,
  "E0": -4.500873243924665
}