{
  "T": 40,
  "N": 97,
  "e_ann": -4.500573615757489,
  "e_ann_es": -3.089411714552572,
  "E0": -4.500873243924665
}