{
  "T": 58,
  "N": 37,
  "e_ann": -1.8055053789860835,
  "e_ann_es": 1.9916270340936428,
  "E0": -4.500873243924665
}