{
  "T": 40,
  "N": 73,
  "e_ann": -4.500073970849783,
  "e_ann_es": 0.0053535112024540865,
  "E0": -4.500873243924665
}