{
  "T": 28,
  "N": 31,
  "e_ann": -2.7136573529577426,
  "e_ann_es": 7.206158672491661,
  "E0": -4.500873243924665
}