{
  "T": 46,
  "N": 61,
  "e_ann": -4.46182446463893,
  "e_ann_es": 3.0181283014215374,
  "E0": -4.500873243924665
}