{
  "T": 22,
  "N": 13,
  "e_ann": -2.072889557885823,
  "e_ann_es": 7.116363529420028,
  "E0": -4.500873243924665
}