{
  "T": 1,
  "N": 13,
  "e_ann": -3.897616318838832,
  "e_ann_es": -3.4873768995220367,
  "E0": -4.500873243924665
}