{
  "T": 40,
  "N": 7,
  "e_ann": -3.992981027798983,
  "e_ann_es": 10.428809081525946,
  "E0": -4.500873243924665
}