{
  "T": 10,
  "N": 85,
  "e_ann": -4.495395438259131,
  "e_ann_es": -4.45618894893359,
  "E0": -4.500873243924665
}