{
  "T": 37,
  "N": 79,
  "e_ann": -4.50029886151383,
  "e_ann_es": 10.069022969212744,
  "E0": -4.500873243924665
}