{
  "T": 40,
  "N": 31,
  "e_ann": -1.5160246681419558,
  "e_ann_es": 10.232689799050563,
  "E0": -4.500873243924665
}