{
  "T": 10,
  "N": 19,
  "e_ann": -4.492212613854704,
  "e_ann_es": 15.299033517515891,
  "E0": -4.500873243924665
}