{
  "T": 13,
  "N": 25,
  "e_ann": -4.498418043366737,
  "e_ann_es": 3.943479433074426,
  "E0": -4.500873243924665
}