{
  "T": 58,
  "N": 73,
  "e_ann": -4.317165148115659,
  "e_ann_es": 14.344410978026895,
  "E0": -4.500873243924665
}