{
  "T": 55,
  "N": 67,
  "e_ann": -3.912809769885939,
  "e_ann_es": 12.415799318956834,
  "E0": -4.500873243924665
}