{
  "T": 19,
  "N": 49,
  "e_ann": -4.499208413474587,
  "e_ann_es": -4.4213553820201525,
  "E0": -4.500873243924665
}