{
  "T": 25,
  "N": 97,
  "e_ann": -4.500065732147885,
  "e_ann_es": -4.4866650999782145,
  "E0": -4.500873243924665
}