{
  "T": 31,
  "N": 1,
  "e_ann": -3.050099108752569,
  "e_ann_es": 2.4868995751603507e-14,
  "E0": -4.500873243924665
}