{
  "T": 13,
  "N": 85,
  "e_ann": -4.497973747584869,
  "e_ann_es": -4.469819832233796,
  "E0": -4.500873243924665
}