{
  "T": 13,
  "N": 91,
  "e_ann": -4.497967374965327,
  "e_ann_es": -4.470207026651007,
  "E0": -4.500873243924665
}