{
  "T": 16,
  "N": 79,
  "e_ann": -4.499223268959401,
  "e_ann_es": -4.482845943425893,
  "E0": -4.500873243924665
}