{
  "T": 40,
  "N": 25,
  "e_ann": -1.7910158106517642,
  "e_ann_es": 3.383789957108199,
  "E0": -4.500873243924665
}