{
  "T": 19,
  "N": 37,
  "e_ann": -4.498602514193976,
  "e_ann_es": 20.993284354017874,
  "E0": -4.500873243924665
}