{
  "T": 43,
  "N": 61,
  "e_ann": -4.492968537084963,
  "e_ann_es": 4.105391236259731,
  "E0": -4.500873243924665
}