{
  "T": 52,
  "N": 91,
  "e_ann": -4.499321463209117,
  "e_ann_es": 0.09542993258520127,
  "E0": -4.500873243924665
}