{
  "T": 4,
  "N": 61,
  "e_ann": -4.444089239562821,
  "e_ann_es": -4.177655998384338,
  "E0": -4.500873243924665
}