{
  "T": 43,
  "N": 7,
  "e_ann": -3.609250224901235,
  "e_ann_es": 1.9951722957522016,
  "E0": -4.500873243924665
}