{
  "T": 19,
  "N": 19,
  "e_ann": -2.135313307246342,
  "e_ann_es": 1.9717549313228098,
  "E0": -4.500873243924665
}