{
  "T": 52,
  "N": 55,
  "e_ann": -1.787472894291195,
  "e_ann_es": 3.0506619870085174,
  "E0": -4.500873243924665
}