{
  "T": 22,
  "N": 97,
  "e_ann": -4.499738415680614,
  "e_ann_es": -4.490851534997649,
  "E0": -4.500873243924665
}