{
  "T": 49,
  "N": 1,
  "e_ann": -3.0500991087525513,
  "e_ann_es": 2.1316282072803006e-14,
  "E0": -4.500873243924665
}