{
  "T": 13,
  "N": 19,
  "e_ann": -4.471072554330121,
  "e_ann_es": -0.25236541340910534,
  "E0": -4.500873243924665
}