{
  "T": 10,
  "N": 67,
  "e_ann": -4.495343041114108,
  "e_ann_es": -4.455373409420435,
  "E0": -4.500873243924665
}