{
  "T": 55,
  "N": 79,
  "e_ann": -4.495310428801432,
  "e_ann_es": 4.794939784667861,
  "E0": -4.500873243924665
}