{
  "T": 52,
  "N": 73,
  "e_ann": -4.497856384056082,
  "e_ann_es": 2.6897833729356755,
  "E0": -4.500873243924665
}