{
  "T": 34,
  "N": 1,
  "e_ann": -3.050099108752562,
  "e_ann_es": 1.4210854715202004e-14,
  "E0": -4.500873243924665
}