{
  "T": 31,
  "N": 25,
  "e_ann": -1.508962047378084,
  "e_ann_es": 4.98185883229355,
  "E0": -4.500873243924665
}