{
  "T": 34,
  "N": 31,
  "e_ann": -1.5615636634759262,
  "e_ann_es": 16.609955871151797,
  "E0": -4.500873243924665
}