{
  "T": 31,
  "N": 7,
  "e_ann": -3.348692873939875,
  "e_ann_es": 8.382642616791525,
  "E0": -4.500873243924665
}