{
  "T": 43,
  "N": 31,
  "e_ann": -1.5227955275289915,
  "e_ann_es": 10.050780337455024,
  "E0": -4.500873243924665
}