{
  "T": 28,
  "N": 37,
  "e_ann": -4.433401181128783,
  "e_ann_es": 1.607924330359193,
  "E0": -4.500873243924665
}