{
  "T": 43,
  "N": 97,
  "e_ann": -4.50067566626544,
  "e_ann_es": 3.831954078752574,
  "E0": -4.500873243924665
}