{
  "T": 28,
  "N": 73,
  "e_ann": -4.500353046550838,
  "e_ann_es": -4.47369345370506,
  "E0": -4.500873243924665
}