{
  "T": 13,
  "N": 73,
  "e_ann": -4.497987176625674,
  "e_ann_es": -4.4688512496725785,
  "E0": -4.500873243924665
}