{
  "T": 31,
  "N": 49,
  "e_ann": -4.443937084848574,
  "e_ann_es": 6.794148167182318,
  "E0": -4.500873243924665
}