{
  "T": 43,
  "N": 13,
  "e_ann": -3.857433678023039,
  "e_ann_es": 6.300925145062873,
  "E0": -4.500873243924665
}