{
  "T": 19,
  "N": 97,
  "e_ann": -4.499570717462753,
  "e_ann_es": -4.490906670946,
  "E0": -4.500873243924665
}