{
  "T": 46,
  "N": 55,
  "e_ann": -3.705935778528513,
  "e_ann_es": 5.373654413013032,
  "E0": -4.500873243924665
}