{
  "T": 16,
  "N": 19,
  "e_ann": -3.9014482570472353,
  "e_ann_es": 13.630423996195013,
  "E0": -4.500873243924665
}