{
  "T": 31,
  "N": 79,
  "e_ann": -4.5003906833273035,
  "e_ann_es": -4.4769251110771116,
  "E0": -4.500873243924665
}