{
  "T": 52,
  "N": 85,
  "e_ann": -4.440387022481204,
  "e_ann_es": 6.714410237349268,
  "E0": -4.500873243924665
}