{
  "T": 25,
  "N": 67,
  "e_ann": -4.499997056579225,
  "e_ann_es": -4.314360870280712,
  "E0": -4.500873243924665
}