{
  "T": 19,
  "N": 13,
  "e_ann": -1.6066593212765916,
  "e_ann_es": 4.7525125004278586,
  "E0": -4.500873243924665
}