{
  "T": 55,
  "N": 97,
  "e_ann": -4.499081311331015,
  "e_ann_es": -0.9592624725756771,
  "E0": -4.500873243924665
}