{
  "T": 37,
  "N": 37,
  "e_ann": -1.7388260699984706,
  "e_ann_es": 1.2027412696613204,
  "E0": -4.500873243924665
}