{
  "T": 13,
  "N": 49,
  "e_ann": -4.498012530005415,
  "e_ann_es": -4.448432694173309,
  "E0": -4.500873243924665
}