{
  "T": 58,
  "N": 19,
  "e_ann": -3.003672417988149,
  "e_ann_es": 6.103392575881031,
  "E0": -4.500873243924665
}