{
  "T": 13,
  "N": 55,
  "e_ann": -4.498006901682164,
  "e_ann_es": -4.466755350297266,
  "E0": -4.500873243924665
}