{
  "T": 4,
  "N": 19,
  "e_ann": -4.447414502823364,
  "e_ann_es": -4.194202989115439,
  "E0": -4.500873243924665
}