{
  "T": 1,
  "N": 19,
  "e_ann": -3.8839815868754926,
  "e_ann_es": -3.5084192929081546,
  "E0": -4.500873243924665
}