{
  "T": 13,
  "N": 97,
  "e_ann": -4.497961300652307,
  "e_ann_es": -4.470542878166047,
  "E0": -4.500873243924665
}