{
  "T": 28,
  "N": 43,
  "e_ann": -4.325503271060235,
  "e_ann_es": 6.900553720642602,
  "E0": -4.500873243924665
}