{
  "T": 58,
  "N": 97,
  "e_ann": -4.489075641576999,
  "e_ann_es": 5.886984528461898,
  "E0": -4.500873243924665
}