{
  "T": 37,
  "N": 13,
  "e_ann": -1.666360101075842,
  "e_ann_es": 10.69803074017899,
  "E0": -4.500873243924665
}