{
  "T": 22,
  "N": 73,
  "e_ann": -4.499641734368083,
  "e_ann_es": -3.691569113601634,
  "E0": -4.500873243924665
}