{
  "T": 37,
  "N": 25,
  "e_ann": -1.6698083381256588,
  "e_ann_es": 9.849809567209066,
  "E0": -4.500873243924665
}