{
  "T": 1,
  "N": 49,
  "e_ann": -3.863539622037635,
  "e_ann_es": -3.5341637078373545,
  "E0": -4.500873243924665
}