{
  "T": 52,
  "N": 97,
  "e_ann": -4.500379420588356,
  "e_ann_es": 3.1714006321148176,
  "E0": -4.500873243924665
}