{
  "T": 7,
  "N": 61,
  "e_ann": -4.489664611029781,
  "e_ann_es": -4.394208577687063,
  "E0": -4.500873243924665
}