{
  "T": 7,
  "N": 19,
  "e_ann": -4.486673963281408,
  "e_ann_es": -4.010437159040382,
  "E0": -4.500873243924665
}