{
  "T": 55,
  "N": 55,
  "e_ann": -1.5647408745209148,
  "e_ann_es": 3.6581142843221066,
  "E0": -4.500873243924665
}