{
  "T": 37,
  "N": 55,
  "e_ann": -4.411084252606383,
  "e_ann_es": 6.608012314487787,
  "E0": -4.500873243924665
}