{
  "T": 16,
  "N": 37,
  "e_ann": -4.4991256889410955,
  "e_ann_es": -2.295427677158955,
  "E0": -4.500873243924665
}