{
  "T": 19,
  "N": 43,
  "e_ann": -4.499015806689105,
  "e_ann_es": -0.6249521897725998,
  "E0": -4.500873243924665
}