{
  "T": 13,
  "N": 67,
  "e_ann": -4.497994015166032,
  "e_ann_es": -4.4682490495935845,
  "E0": -4.500873243924665
}