{
  "T": 25,
  "N": 19,
  "e_ann": -1.5088704272962836,
  "e_ann_es": 4.519048431294085,
  "E0": -4.500873243924665
}