{
  "T": 52,
  "N": 37,
  "e_ann": -1.5317199826556127,
  "e_ann_es": 9.061783556669216,
  "E0": -4.500873243924665
}