{
  "T": 25,
  "N": 31,
  "e_ann": -4.262018839611823,
  "e_ann_es": 5.9564147380817545,
  "E0": -4.500873243924665
}