{
  "T": 31,
  "N": 43,
  "e_ann": -4.490545622948346,
  "e_ann_es": -2.1100952503490014,
  "E0": -4.500873243924665
}