{
  "T": 16,
  "N": 7,
  "e_ann": -1.6181929970385305,
  "e_ann_es": 9.773194456507046,
  "E0": -4.500873243924665
}