{
  "T": 40,
  "N": 61,
  "e_ann": -4.223318630534859,
  "e_ann_es": 6.877205077286376,
  "E0": -4.500873243924665
}