{
  "T": 40,
  "N": 37,
  "e_ann": -1.5488542685943116,
  "e_ann_es": 2.308851598505619,
  "E0": -4.500873243924665
}