{
  "T": 58,
  "N": 13,
  "e_ann": -3.509202276352603,
  "e_ann_es": 2.337975115917466,
  "E0": -4.500873243924665
}