{
  "T": 16,
  "N": 25,
  "e_ann": -4.421909753465325,
  "e_ann_es": 3.8236158935221134,
  "E0": -4.500873243924665
}