{
  "T": 34,
  "N": 25,
  "e_ann": -1.5430012576069672,
  "e_ann_es": 11.721095894279921,
  "E0": -4.500873243924665
}