{
  "T": 46,
  "N": 67,
  "e_ann": -4.481514191266523,
  "e_ann_es": 5.198733607771459,
  "E0": -4.500873243924665
}