{
  "T": 46,
  "N": 25,
  "e_ann": -4.191540783539168,
  "e_ann_es": 2.2628689810802136,
  "E0": -4.500873243924665
}