{
  "T": 4,
  "N": 1,
  "e_ann": -3.050099108752544,
  "e_ann_es": 2.842170943040401e-14,
  "E0": -4.500873243924665
}