{
  "T": 4,
  "N": 37,
  "e_ann": -4.445478652252731,
  "e_ann_es": -4.180654819634327,
  "E0": -4.500873243924665
}