{
  "T": 34,
  "N": 97,
  "e_ann": -4.5003646108745805,
  "e_ann_es": 1.807506625208788,
  "E0": -4.500873243924665
}