{
  "T": 4,
  "N": 43,
  "e_ann": -4.445025618319502,
  "e_ann_es": -4.179451087429033,
  "E0": -4.500873243924665
}