{
  "T": 55,
  "N": 7,
  "e_ann": -1.8812905231951973,
  "e_ann_es": 4.78530341085926,
  "E0": -4.500873243924665
}