{
  "T": 28,
  "N": 13,
  "e_ann": -3.3422074957007837,
  "e_ann_es": 8.92023916921914,
  "E0": -4.500873243924665
}