{
  "T": 1,
  "N": 79,
  "e_ann": -3.8582124997244804,
  "e_ann_es": -3.5399997329197497,
  "E0": -4.500873243924665
}