{
  "T": 10,
  "N": 25,
  "e_ann": -4.494254208752537,
  "e_ann_es": -4.170267413838733,
  "E0": -4.500873243924665
}