{
  "T": 43,
  "N": 91,
  "e_ann": -4.500684421690025,
  "e_ann_es": 12.785061799447751,
  "E0": -4.500873243924665
}