{
  "T": 25,
  "N": 49,
  "e_ann": -4.499720931548925,
  "e_ann_es": 10.483905103866784,
  "E0": -4.500873243924665
}