{
  "T": 7,
  "N": 49,
  "e_ann": -4.489531561336612,
  "e_ann_es": -4.397350351632454,
  "E0": -4.500873243924665
}