{
  "T": 10,
  "N": 55,
  "e_ann": -4.495274818747191,
  "e_ann_es": -4.453882094492151,
  "E0": -4.500873243924665
}