{
  "T": 34,
  "N": 13,
  "e_ann": -2.348138873505775,
  "e_ann_es": 6.843387516820485,
  "E0": -4.500873243924665
}