{
  "T": 49,
  "N": 37,
  "e_ann": -1.5029754702659233,
  "e_ann_es": -0.6928391407678838,
  "E0": -4.500873243924665
}