{
  "T": 28,
  "N": 79,
  "e_ann": -4.500350667028535,
  "e_ann_es": -0.8457896263372184,
  "E0": -4.500873243924665
}