{
  "T": 31,
  "N": 55,
  "e_ann": -4.500152846263958,
  "e_ann_es": -0.822791026008975,
  "E0": -4.500873243924665
}