{
  "T": 43,
  "N": 37,
  "e_ann": -1.505067119198408,
  "e_ann_es": 4.5537831136447835,
  "E0": -4.500873243924665
}