{
  "T": 10,
  "N": 49,
  "e_ann": -4.495219003940363,
  "e_ann_es": -4.452444251634724,
  "E0": -4.500873243924665
}