{
  "T": 49,
  "N": 19,
  "e_ann": -2.077112582746981,
  "e_ann_es": 2.5760680075331415,
  "E0": -4.500873243924665
}