{
  "T": 34,
  "N": 43,
  "e_ann": -4.329784837776128,
  "e_ann_es": 9.773915805874378,
  "E0": -4.500873243924665
}