{
  "T": 40,
  "N": 91,
  "e_ann": -4.500559516626325,
  "e_ann_es": 2.4265156667828904,
  "E0": -4.500873243924665
}