{
  "T": 52,
  "N": 13,
  "e_ann": -3.8663170474256177,
  "e_ann_es": 8.567133863105486,
  "E0": -4.500873243924665
}