{
  "T": 19,
  "N": 31,
  "e_ann": -4.4872946508530624,
  "e_ann_es": 4.202704053375676,
  "E0": -4.500873243924665
}