{
  "T": 58,
  "N": 31,
  "e_ann": -4.121818758379494,
  "e_ann_es": -0.16515465114671102,
  "E0": -4.500873243924665
}