{
  "T": 7,
  "N": 13,
  "e_ann": -4.476357337507931,
  "e_ann_es": 20.86221545909897,
  "E0": -4.500873243924665
}