{
  "T": 37,
  "N": 49,
  "e_ann": -4.470128940726056,
  "e_ann_es": 5.730808422086838,
  "E0": -4.500873243924665
}