{
  "T": 22,
  "N": 19,
  "e_ann": -1.5658931734017507,
  "e_ann_es": 11.214571384184195,
  "E0": -4.500873243924665
}