{
  "T": 1,
  "N": 67,
  "e_ann": -3.859787723818574,
  "e_ann_es": -3.538306766938881,
  "E0": -4.500873243924665
}