{
  "T": 55,
  "N": 31,
  "e_ann": -3.342558344102887,
  "e_ann_es": 2.7373898483669237,
  "E0": -4.500873243924665
}