{
  "T": 49,
  "N": 31,
  "e_ann": -1.7173699580394342,
  "e_ann_es": 2.8628376324614955,
  "E0": -4.500873243924665
}