{
  "T": 28,
  "N": 55,
  "e_ann": -4.5004055209538905,
  "e_ann_es": 18.832114022311913,
  "E0": -4.500873243924665
}