{
  "T": 43,
  "N": 85,
  "e_ann": -4.500692081096979,
  "e_ann_es": 17.664576871545833,
  "E0": -4.500873243924665
}