{
  "T": 58,
  "N": 43,
  "e_ann": -1.509500707651874,
  "e_ann_es": 1.811652311117566,
  "E0": -4.500873243924665
}