{
  "T": 16,
  "N": 61,
  "e_ann": -4.499201582978571,
  "e_ann_es": -4.47237171179448,
  "E0": -4.500873243924665
}