{
  "T": 55,
  "N": 85,
  "e_ann": -4.2990990223239045,
  "e_ann_es": 7.334703136541243,
  "E0": -4.500873243924665
}