{
  "T": 1,
  "N": 31,
  "e_ann": -3.8713740105148275,
  "e_ann_es": -3.524974383904482,
  "E0": -4.500873243924665
}