{
  "T": 55,
  "N": 43,
  "e_ann": -1.5047206513637477,
  "e_ann_es": 3.458179209494535,
  "E0": -4.500873243924665
}