{
  "T": 25,
  "N": 61,
  "e_ann": -4.4999585960345065,
  "e_ann_es": -3.7366604311585334,
  "E0": -4.500873243924665
}