{
  "T": 4,
  "N": 7,
  "e_ann": -4.424309633640366,
  "e_ann_es": 9.147247283290316,
  "E0": -4.500873243924665
}