{
  "T": 49,
  "N": 7,
  "e_ann": -3.1656365353991482,
  "e_ann_es": 7.03317832359892,
  "E0": -4.500873243924665
}