{
  "T": 52,
  "N": 7,
  "e_ann": -2.6540995014678828,
  "e_ann_es": 1.7349316393660281,
  "E0": -4.500873243924665
}