{
  "T": 22,
  "N": 49,
  "e_ann": -4.49922864887467,
  "e_ann_es": 0.8770939622872547,
  "E0": -4.500873243924665
}