{
  "T": 10,
  "N": 61,
  "e_ann": -4.4953141646164525,
  "e_ann_es": -4.454787493271748,
  "E0": -4.500873243924665
}