{
  "T": 7,
  "N": 67,
  "e_ann": -4.4897056358218705,
  "e_ann_es": -4.393021931082824,
  "E0": -4.500873243924665
}