{
  "T": 46,
  "N": 73,
  "e_ann": -4.442637075104891,
  "e_ann_es": 7.215959932044306,
  "E0": -4.500873243924665
}