{
  "T": 19,
  "N": 85,
  "e_ann": -4.499537116077292,
  "e_ann_es": -4.490816795920654,
  "E0": -4.500873243924665
}