{
  "T": 25,
  "N": 85,
  "e_ann": -4.50005020159384,
  "e_ann_es": -3.9230714323747655,
  "E0": -4.500873243924665
}