{
  "T": 37,
  "N": 73,
  "e_ann": -4.500193121689218,
  "e_ann_es": 17.14310658231117,
  "E0": -4.500873243924665
}