{
  "T": 46,
  "N": 13,
  "e_ann": -4.197403476793376,
  "e_ann_es": 9.285698387128061,
  "E0": -4.500873243924665
}