{
  "T": 28,
  "N": 97,
  "e_ann": -4.5003509485330575,
  "e_ann_es": -4.078090977607605,
  "E0": -4.500873243924665
}