{
  "T": 31,
  "N": 67,
  "e_ann": -4.500390958532098,
  "e_ann_es": 6.872458067958982,
  "E0": -4.500873243924665
}