{
  "T": 10,
  "N": 79,
  "e_ann": -4.495381919943323,
  "e_ann_es": -4.4560171700441344,
  "E0": -4.500873243924665
}