{
  "T": 43,
  "N": 19,
  "e_ann": -2.4511071203644264,
  "e_ann_es": 3.732658811019462,
  "E0": -4.500873243924665
}