{
  "T": 7,
  "N": 79,
  "e_ann": -4.489761439311373,
  "e_ann_es": -4.391160268132396,
  "E0": -4.500873243924665
}