{
  "T": 1,
  "N": 91,
  "e_ann": -3.857043726016183,
  "e_ann_es": -3.5412386143550485,
  "E0": -4.500873243924665
}