{
  "T": 34,
  "N": 91,
  "e_ann": -4.500345718008077,
  "e_ann_es": -4.38365309776167,
  "E0": -4.500873243924665
}