{
  "T": 46,
  "N": 91,
  "e_ann": -4.5006507143278185,
  "e_ann_es": 16.67935181145708,
  "E0": -4.500873243924665
}