{
  "T": 37,
  "N": 91,
  "e_ann": -4.500393954955552,
  "e_ann_es": -3.9551619910140587,
  "E0": -4.500873243924665
}