{
  "T": 7,
  "N": 7,
  "e_ann": -3.065196353527938,
  "e_ann_es": 7.737580607037135,
  "E0": -4.500873243924665
}