{
  "T": 37,
  "N": 19,
  "e_ann": -4.314934140068008,
  "e_ann_es": 5.3559513148666085,
  "E0": -4.500873243924665
}