{
  "T": 13,
  "N": 79,
  "e_ann": -4.497980376170123,
  "e_ann_es": -4.469371498330357,
  "E0": -4.500873243924665
}