{
  "T": 19,
  "N": 91,
  "e_ann": -4.4995555787497,
  "e_ann_es": -4.490887997098806,
  "E0": -4.500873243924665
}