{
  "T": 34,
  "N": 67,
  "e_ann": -4.500170189206706,
  "e_ann_es": 13.934696018688143,
  "E0": -4.500873243924665
}