{
  "T": 55,
  "N": 49,
  "e_ann": -1.502680330936574,
  "e_ann_es": 10.067647039586518,
  "E0": -4.500873243924665
}