{
  "T": 55,
  "N": 61,
  "e_ann": -2.029554419497888,
  "e_ann_es": 8.234954714745214,
  "E0": -4.500873243924665
}