{
  "T": 37,
  "N": 61,
  "e_ann": -4.494157876770942,
  "e_ann_es": 5.500727308909131,
  "E0": -4.500873243924665
}