{
  "T": 37,
  "N": 85,
  "e_ann": -4.500356864850595,
  "e_ann_es": 0.9508566215265191,
  "E0": -4.500873243924665
}