{
  "T": 1,
  "N": 97,
  "e_ann": -3.8565656992550466,
  "e_ann_es": -3.5417412585516033,
  "E0": -4.500873243924665
}