{
  "T": 4,
  "N": 25,
  "e_ann": -4.446709126536451,
  "e_ann_es": -4.1861986017210775,
  "E0": -4.500873243924665
}