{
  "T": 1,
  "N": 73,
  "e_ann": -3.8589370865091475,
  "e_ann_es": -3.5392242953936517,
  "E0": -4.500873243924665
}