{
  "T": 55,
  "N": 37,
  "e_ann": -1.6872439539326507,
  "e_ann_es": 15.06965331173081,
  "E0": -4.500873243924665
}