{
  "T": 16,
  "N": 97,
  "e_ann": -4.4992294001089235,
  "e_ann_es": -4.482155191448491,
  "E0": -4.500873243924665
}