{
  "T": 55,
  "N": 19,
  "e_ann": -1.789031672297817,
  "e_ann_es": 3.434763878627834,
  "E0": -4.500873243924665
}