{
  "T": 1,
  "N": 43,
  "e_ann": -3.865456102588041,
  "e_ann_es": -3.531984715151971,
  "E0": -4.500873243924665
}