{
  "T": 34,
  "N": 85,
  "e_ann": -4.500321199662416,
  "e_ann_es": -4.36337480473567,
  "E0": -4.500873243924665
}