{
  "T": 49,
  "N": 49,
  "e_ann": -1.5924030173898664,
  "e_ann_es": 2.8643659332041835,
  "E0": -4.500873243924665
}