{
  "T": 49,
  "N": 67,
  "e_ann": -4.492136206291448,
  "e_ann_es": 0.14530176691116736,
  "E0": -4.500873243924665
}