{
  "T": 55,
  "N": 73,
  "e_ann": -4.4784492713309305,
  "e_ann_es": 8.519838080390022,
  "E0": -4.500873243924665
}