{
  "T": 19,
  "N": 79,
  "e_ann": -4.499514170295363,
  "e_ann_es": -4.490583878871806,
  "E0": -4.500873243924665
}