{
  "T": 37,
  "N": 31,
  "e_ann": -1.5074614552519918,
  "e_ann_es": 8.284288259065349,
  "E0": -4.500873243924665
}