{
  "T": 10,
  "N": 73,
  "e_ann": -4.495364913869636,
  "e_ann_es": -4.455759753301752,
  "E0": -4.500873243924665
}