{
  "T": 4,
  "N": 79,
  "e_ann": -4.443517551912073,
  "e_ann_es": -4.17687306569735,
  "E0": -4.500873243924665
}