{
  "T": 49,
  "N": 91,
  "e_ann": -4.5003657220674995,
  "e_ann_es": 3.5359751331748903,
  "E0": -4.500873243924665
}