{
  "T": 46,
  "N": 37,
  "e_ann": -1.5058132788096046,
  "e_ann_es": 3.687951555077273,
  "E0": -4.500873243924665
}