{
  "T": 10,
  "N": 13,
  "e_ann": -4.299995489497501,
  "e_ann_es": 1.8894226097363465,
  "E0": -4.500873243924665
}