{
  "T": 34,
  "N": 79,
  "e_ann": -4.500288195068844,
  "e_ann_es": -0.23720737778043954,
  "E0": -4.500873243924665
}