{
  "T": 1,
  "N": 37,
  "e_ann": -3.8679612044387817,
  "e_ann_es": -3.529070497956269,
  "E0": -4.500873243924665
}