{
  "T": 13,
  "N": 13,
  "e_ann": -2.470234790476443,
  "e_ann_es": -1.1373379018148455,
  "E0": -4.500873243924665
}