{
  "T": 19,
  "N": 67,
  "e_ann": -4.4994468404560095,
  "e_ann_es": -4.291627944302178,
  "E0": -4.500873243924665
}