{
  "T": 16,
  "N": 43,
  "e_ann": -4.4991420673616815,
  "e_ann_es": -4.135269795991707,
  "E0": -4.500873243924665
}