{
  "T": 16,
  "N": 91,
  "e_ann": -4.499228296080666,
  "e_ann_es": -4.482331680900494,
  "E0": -4.500873243924665
}