{
  "T": 22,
  "N": 79,
  "e_ann": -4.49967593741879,
  "e_ann_es": -4.354299173554072,
  "E0": -4.500873243924665
}