{
  "T": 13,
  "N": 37,
  "e_ann": -4.498031151588503,
  "e_ann_es": -2.9136305559401023,
  "E0": -4.500873243924665
}