{
  "T": 25,
  "N": 55,
  "e_ann": -4.499889393450786,
  "e_ann_es": 2.8161611265699626,
  "E0": -4.500873243924665
}