{
  "T": 43,
  "N": 67,
  "e_ann": -4.373983469794489,
  "e_ann_es": 7.123631742175135,
  "E0": -4.500873243924665
}