{
  "T": 31,
  "N": 19,
  "e_ann": -2.2966410941150848,
  "e_ann_es": 6.176978837505871,
  "E0": -4.500873243924665
}