{
  "T": 34,
  "N": 55,
  "e_ann": -4.45195280778454,
  "e_ann_es": 6.175295647144754,
  "E0": -4.500873243924665
}