{
  "T": 4,
  "N": 85,
  "e_ann": -4.443374236321073,
  "e_ann_es": -4.176704587527151,
  "E0": -4.500873243924665
}