{
  "T": 1,
  "N": 55,
  "e_ann": -3.862025898788474,
  "e_ann_es": -3.535854356761881,
  "E0": -4.500873243924665
}