{
  "T": 31,
  "N": 61,
  "e_ann": -4.500414271245379,
  "e_ann_es": 20.165033933725585,
  "E0": -4.500873243924665
}