{
  "T": 10,
  "N": 7,
  "e_ann": -1.8576760655837354,
  "e_ann_es": 9.786525353579307,
  "E0": -4.500873243924665
}