{
  "T": 22,
  "N": 31,
  "e_ann": -4.479271548532573,
  "e_ann_es": 4.141401904909667,
  "E0": -4.500873243924665
}