{
  "T": 58,
  "N": 7,
  "e_ann": -3.815881602695139,
  "e_ann_es": 3.393021518821115,
  "E0": -4.500873243924665
}