{
  "T": 34,
  "N": 37,
  "e_ann": -2.2760712657734246,
  "e_ann_es": 2.777842248318027,
  "E0": -4.500873243924665
}