{
  "T": 19,
  "N": 25,
  "e_ann": -4.45347735995913,
  "e_ann_es": 1.9805320198879812,
  "E0": -4.500873243924665
}