{
  "T": 31,
  "N": 85,
  "e_ann": -4.500396661323116,
  "e_ann_es": -3.612243204318869,
  "E0": -4.500873243924665
}