{
  "T": 52,
  "N": 61,
  "e_ann": -3.198507692376392,
  "e_ann_es": 3.8663174253060895,
  "E0": -4.500873243924665
}