{
  "T": 37,
  "N": 43,
  "e_ann": -3.266351004011515,
  "e_ann_es": 1.8036619133080691,
  "E0": -4.500873243924665
}