{
  "T": 19,
  "N": 73,
  "e_ann": -4.499485000281993,
  "e_ann_es": -4.481344490768983,
  "E0": -4.500873243924665
}