{
  "T": 7,
  "N": 73,
  "e_ann": -4.489736947565671,
  "e_ann_es": -4.3920185088116845,
  "E0": -4.500873243924665
}