{
  "T": 28,
  "N": 7,
  "e_ann": -2.3705720515960422,
  "e_ann_es": 6.098217826847101,
  "E0": -4.500873243924665
}