{
  "T": 46,
  "N": 79,
  "e_ann": -4.493907744354004,
  "e_ann_es": 2.226006197933298,
  "E0": -4.500873243924665
}