{
  "T": 31,
  "N": 13,
  "e_ann": -2.4596789055560215,
  "e_ann_es": 10.423490197940112,
  "E0": -4.500873243924665
}