{
  "T": 7,
  "N": 25,
  "e_ann": -4.488309052404109,
  "e_ann_es": -4.331201938486775,
  "E0": -4.500873243924665
}