{
  "T": 43,
  "N": 43,
  "e_ann": -1.6487054737649878,
  "e_ann_es": 1.7299900930891958,
  "E0": -4.500873243924665
}