{
  "T": 25,
  "N": 91,
  "e_ann": -4.500059047254684,
  "e_ann_es": -4.394612430436176,
  "E0": -4.500873243924665
}