{
  "T": 49,
  "N": 43,
  "e_ann": -1.50472812732529,
  "e_ann_es": 18.355251492204175,
  "E0": -4.500873243924665
}