{
  "T": 7,
  "N": 85,
  "e_ann": -4.489780998224209,
  "e_ann_es": -4.390418555975884,
  "E0": -4.500873243924665
}