{
  "T": 4,
  "N": 73,
  "e_ann": -4.443681270350545,
  "e_ann_es": -4.177078238680174,
  "E0": -4.500873243924665
}