{
  "T": 10,
  "N": 37,
  "e_ann": -4.495002010461032,
  "e_ann_es": -4.414927927145236,
  "E0": -4.500873243924665
}