{
  "T": 28,
  "N": 49,
  "e_ann": -4.499192025030169,
  "e_ann_es": 0.26576217070507724,
  "E0": -4.500873243924665
}