{
  "T": 40,
  "N": 55,
  "e_ann": -4.485837573830185,
  "e_ann_es": 6.014655237980168,
  "E0": -4.500873243924665
}