{
  "T": 4,
  "N": 97,
  "e_ann": -4.443135279185384,
  "e_ann_es": -4.176445145911156,
  "E0": -4.500873243924665
}