{
  "T": 43,
  "N": 25,
  "e_ann": -2.558518237493189,
  "e_ann_es": 5.9560657841100095,
  "E0": -4.500873243924665
}