{
  "T": 52,
  "N": 43,
  "e_ann": -1.5048037885170515,
  "e_ann_es": 8.092907809291805,
  "E0": -4.500873243924665
}