{
  "T": 46,
  "N": 19,
  "e_ann": -3.1891677791326565,
  "e_ann_es": 7.7938596005065435,
  "E0": -4.500873243924665
}