{
  "T": 25,
  "N": 73,
  "e_ann": -4.500021493104029,
  "e_ann_es": -0.26136521558246884,
  "E0": -4.500873243924665
}