{
  "T": 7,
  "N": 97,
  "e_ann": -4.489809996317614,
  "e_ann_es": -4.389202484890408,
  "E0": -4.500873243924665
}