{
  "T": 46,
  "N": 7,
  "e_ann": -3.141989355740744,
  "e_ann_es": 6.11908784350668,
  "E0": -4.500873243924665
}