{
  "T": 58,
  "N": 55,
  "e_ann": -1.513211242917393,
  "e_ann_es": -0.8204338505474631,
  "E0": -4.500873243924665
}