{
  "T": 40,
  "N": 13,
  "e_ann": -2.254488415648723,
  "e_ann_es": 0.5084089450687763,
  "E0": -4.500873243924665
}