{
  "T": 40,
  "N": 49,
  "e_ann": -4.092807530549312,
  "e_ann_es": 11.035246165491907,
  "E0": -4.500873243924665
}