{
  "T": 10,
  "N": 91,
  "e_ann": -4.495406374912285,
  "e_ann_es": -4.456302527772625,
  "E0": -4.500873243924665
}