{
  "T": 16,
  "N": 55,
  "e_ann": -4.499187176412537,
  "e_ann_es": -4.168762586518852,
  "E0": -4.500873243924665
}