{
  "T": 22,
  "N": 67,
  "e_ann": -4.499594758746234,
  "e_ann_es": -2.1860207458134617,
  "E0": -4.500873243924665
}