{
  "T": 37,
  "N": 7,
  "e_ann": -1.6136553860599143,
  "e_ann_es": -0.8433171619389412,
  "E0": -4.500873243924665
}