{
  "T": 40,
  "N": 19,
  "e_ann": -4.073219603458121,
  "e_ann_es": 10.383628129700437,
  "E0": -4.500873243924665
}