{
  "T": 4,
  "N": 31,
  "e_ann": -4.446035809601529,
  "e_ann_es": -4.182610804972878,
  "E0": -4.500873243924665
}