{
  "T": 16,
  "N": 73,
  "e_ann": -4.499218579671883,
  "e_ann_es": -4.483220716980622,
  "E0": -4.500873243924665
}