{
  "T": 28,
  "N": 67,
  "e_ann": -4.50035962846124,
  "e_ann_es": -2.694866871763132,
  "E0": -4.500873243924665
}