{
  "T": 22,
  "N": 85,
  "e_ann": -4.49970186913394,
  "e_ann_es": -4.482777548156921,
  "E0": -4.500873243924665
}