{
  "T": 16,
  "N": 31,
  "e_ann": -4.499221178187458,
  "e_ann_es": 10.908405093251941,
  "E0": -4.500873243924665
}