{
  "T": 7,
  "N": 43,
  "e_ann": -4.489417279804563,
  "e_ann_es": -4.399453758070965,
  "E0": -4.500873243924665
}