{
  "T": 49,
  "N": 13,
  "e_ann": -4.086318644323093,
  "e_ann_es": 12.477313488601437,
  "E0": -4.500873243924665
}