{
  "T": 4,
  "N": 49,
  "e_ann": -4.4446547238100464,
  "e_ann_es": -4.17864713465141,
  "E0": -4.500873243924665
}