{
  "T": 1,
  "N": 25,
  "e_ann": -3.876291935549581,
  "e_ann_es": -3.518796982132553,
  "E0": -4.500873243924665
}