{
  "T": 22,
  "N": 37,
  "e_ann": -4.482543446195777,
  "e_ann_es": 2.9649406863295447,
  "E0": -4.500873243924665
}