{
  "T": 52,
  "N": 79,
  "e_ann": -4.122375923693589,
  "e_ann_es": 6.919038231861583,
  "E0": -4.500873243924665
}