{
  "T": 58,
  "N": 91,
  "e_ann": -4.446151734956832,
  "e_ann_es": 7.213709105988917,
  "E0": -4.500873243924665
}