{
  "T": 25,
  "N": 13,
  "e_ann": -3.8692245817565336,
  "e_ann_es": 6.142935732303869,
  "E0": -4.500873243924665
}