{
  "T": 1,
  "N": 85,
  "e_ann": -3.8575877968464383,
  "e_ann_es": -3.5406637003779906,
  "E0": -4.500873243924665
}