{
  "T": 49,
  "N": 97,
  "e_ann": -4.500529585403207,
  "e_ann_es": 21.750888475320373,
  "E0": -4.500873243924665
}