{
  "T": 37,
  "N": 67,
  "e_ann": -4.499669573754115,
  "e_ann_es": -1.3506005771267588,
  "E0": -4.500873243924665
}