{
  "T": 13,
  "N": 43,
  "e_ann": -4.49801845170839,
  "e_ann_es": -3.926157545186104,
  "E0": -4.500873243924665
}