{
  "T": 7,
  "N": 37,
  "e_ann": -4.489237720741006,
  "e_ann_es": -4.402010732275695,
  "E0": -4.500873243924665
}