{
  "T": 28,
  "N": 19,
  "e_ann": -1.6123850016536316,
  "e_ann_es": 16.658030612333175,
  "E0": -4.500873243924665
}