{
  "T": 16,
  "N": 85,
  "e_ann": -4.499226357950153,
  "e_ann_es": -4.482556604316557,
  "E0": -4.500873243924665
}