{
  "T": 58,
  "N": 85,
  "e_ann": -4.467001698202406,
  "e_ann_es": 6.497807905446027,
  "E0": -4.500873243924665
}