{
  "T": 34,
  "N": 49,
  "e_ann": -4.490675782930637,
  "e_ann_es": 1.8494175643363917,
  "E0": -4.500873243924665
}