{
  "T": 1,
  "N": 7,
  "e_ann": -3.9271889431025677,
  "e_ann_es": -3.4217335244935505,
  "E0": -4.500873243924665
}