{
  "T": 31,
  "N": 37,
  "e_ann": -3.8259228549603925,
  "e_ann_es": 10.087248639751392,
  "E0": -4.500873243924665
}