{
  "T": 34,
  "N": 73,
  "e_ann": -4.50024223448856,
  "e_ann_es": 8.343581612302264,
  "E0": -4.500873243924665
}