{
  "T": 58,
  "N": 61,
  "e_ann": -1.697083721874094,
  "e_ann_es": 3.6234450546353933,
  "E0": -4.500873243924665
}