{
  "T": 16,
  "N": 67,
  "e_ann": -4.49921165134797,
  "e_ann_es": -4.483647178125153,
  "E0": -4.500873243924665
}