{
  "T": 16,
  "N": 13,
  "e_ann": -1.5566952196782573,
  "e_ann_es": 4.360458229975865,
  "E0": -4.500873243924665
}