{
  "T": 19,
  "N": 55,
  "e_ann": -4.49932123156562,
  "e_ann_es": -1.1676783695710462,
  "E0": -4.500873243924665
}