{
  "T": 46,
  "N": 85,
  "e_ann": -4.500497117131388,
  "e_ann_es": 4.191340566299413,
  "E0": -4.500873243924665
}