{
  "T": 7,
  "N": 31,
  "e_ann": -4.488928016398088,
  "e_ann_es": -4.4049233323672325,
  "E0": -4.500873243924665
}