{
  "T": 34,
  "N": 61,
  "e_ann": -4.499758531131683,
  "e_ann_es": -0.9863963934439539,
  "E0": -4.500873243924665
}