{
  "T": 25,
  "N": 37,
  "e_ann": -4.446719524822811,
  "e_ann_es": 5.788804541483959,
  "E0": -4.500873243924665
}