{
  "T": 19,
  "N": 61,
  "e_ann": -4.499395052742354,
  "e_ann_es": -3.3446340354101096,
  "E0": -4.500873243924665
}