{
  "T": 22,
  "N": 7,
  "e_ann": -2.7822886885387312,
  "e_ann_es": 9.482098173451952,
  "E0": -4.500873243924665
}