{
  "T": 25,
  "N": 79,
  "e_ann": -4.5000382226570395,
  "e_ann_es": -2.6560728471765103,
  "E0": -4.500873243924665
}