{
  "T": 37,
  "N": 97,
  "e_ann": -4.500419287077033,
  "e_ann_es": -4.492163441155597,
  "E0": -4.500873243924665
}