{
  "T": 25,
  "N": 7,
  "e_ann": -2.076579979231859,
  "e_ann_es": 9.737282238802079,
  "E0": -4.500873243924665
}