{
  "T": 40,
  "N": 43,
  "e_ann": -2.016060753980927,
  "e_ann_es": 0.3715614973154402,
  "E0": -4.500873243924665
}