{
  "T": 22,
  "N": 61,
  "e_ann": -4.499526623651327,
  "e_ann_es": -3.1097767055145127,
  "E0": -4.500873243924665
}