{
  "T": 1,
  "N": 61,
  "e_ann": -3.8608002246481163,
  "e_ann_es": -3.537204188038519,
  "E0": -4.500873243924665
}