{
  "T": 19,
  "N": 7,
  "e_ann": -3.4021889961161094,
  "e_ann_es": -1.4792671382477458,
  "E0": -4.500873243924665
}