{
  "T": 31,
  "N": 97,
  "e_ann": -4.500409080655583,
  "e_ann_es": -2.036528286529311,
  "E0": -4.500873243924665
}