{
  "T": 58,
  "N": 79,
  "e_ann": -4.488719259162345,
  "e_ann_es": 4.92104599215741,
  "E0": -4.500873243924665
}