{
  "T": 31,
  "N": 31,
  "e_ann": -1.8493531756766544,
  "e_ann_es": 2.692970578246367,
  "E0": -4.500873243924665
}