{
  "T": 31,
  "N": 73,
  "e_ann": -4.500386932722932,
  "e_ann_es": -1.5019608742152961,
  "E0": -4.500873243924665
}