{
  "T": 31,
  "N": 91,
  "e_ann": -4.5004030379369055,
  "e_ann_es": -0.4849892145673742,
  "E0": -4.500873243924665
}