{
  "T": 46,
  "N": 97,
  "e_ann": -4.500639054163074,
  "e_ann_es": 13.525711272623086,
  "E0": -4.500873243924665
}