{
  "T": 40,
  "N": 79,
  "e_ann": -4.500482080281859,
  "e_ann_es": 21.98347622504754,
  "E0": -4.500873243924665
}