{
  "T": 22,
  "N": 91,
  "e_ann": -4.499722150932225,
  "e_ann_es": -4.490396842863952,
  "E0": -4.500873243924665
}