{
  "graph": 6,
  "eps": [
    0.0,
    0.016666666666666666,
    0.03333333333333333,
    0.05,
    0.06666666666666667,
    0.08333333333333333,
    0.1,
    0.11666666666666667,
    0.13333333333333333,
    0.15,
    0.16666666666666666,
    0.18333333333333332,
    0.2,
    0.21666666666666667,
    0.23333333333333334,
    0.25,
    0.26666666666666666,
    0.2833333333333333,
    0.3,
    0.31666666666666665,
    0.3333333333333333,
    0.35,
    0.36666666666666664,
    0.3833333333333333,
    0.4,
    0.4166666666666667,
    0.43333333333333335,
    0.45,
    0.4666666666666667,
    0.48333333333333334,
    0.5
  ],
  "cuts_list": [
    0,
    1,
    1,
    1,
    0,
    0,
    0,
    0,
    1,
    1,
    0,
    1,
    0,
    0,
    1,
    1,
    1,
    1,
    0,
    0
  ],
  "Energies": [
    0.9097744360902245,
    0.852849273558652,
    0.8008930368807715,
    0.7459359019181215,
    0.6932569799005365,
    0.6321207390381887,
    0.5826839898499623,
    0.5451178042224424,
    0.35253482350901055,
    0.48212288298827893,
    0.6039702836514548,
    0.7106904502281883,
    0.7969795537595348,
    0.8597629208601917,
    0.8973843784853239,
    0.9095387185789372,
    0.8978549514468731,
    0.8638359907582175,
    0.8106355447194098,
    0.741604833032004,
    0.6763119247076836,
    0.6157508010088123,
    0.5620607993157701,
    0.5160566253199939,
    0.4781022614215381,
    0.44821279666367764,
    0.4258770654008103,
    0.4101863147183735,
    0.40002827343367053,
    0.3943931728813755,
    0.00031767120094525035
  ]
}