{
  "graph": 3,
  "eps": [
    0.0,
    0.016666666666666666,
    0.03333333333333333,
    0.05,
    0.06666666666666667,
    0.08333333333333333,
    0.1,
    0.11666666666666667,
    0.13333333333333333,
    0.15,
    0.16666666666666666,
    0.18333333333333332,
    0.2,
    0.21666666666666667,
    0.23333333333333334,
    0.25,
    0.26666666666666666,
    0.2833333333333333,
    0.3,
    0.31666666666666665,
    0.3333333333333333,
    0.35,
    0.36666666666666664,
    0.3833333333333333,
    0.4,
    0.4166666666666667,
    0.43333333333333335,
    0.45,
    0.4666666666666667,
    0.48333333333333334,
    0.5
  ],
  "cuts_list": [
    0,
    0,
    0,
    1,
    1,
    1,
    0,
    0,
    1,
    1,
    0,
    1,
    0,
    0,
    0,
    1,
    1,
    0,
    0,
    1
  ],
  "Energies": [
    0.9175824175824182,
    0.8584506549046921,
    0.8044069599221446,
    0.7501137907943323,
    0.6974327119387815,
    0.6464187166792881,
    0.5971221180244515,
    0.22708994320536677,
    0.35558736158342863,
    0.48630086574665016,
    0.6091704958129202,
    0.7167936167545864,
    0.8038268340188488,
    0.8671514658473146,
    0.9050828002291946,
    0.9174674265102798,
    0.9055083601042866,
    0.8712910145561941,
    0.8175755010144438,
    0.7480091122772435,
    0.6850092314723942,
    0.6295748920156666,
    0.5830481821922258,
    0.5452906799939342,
    0.5157972006871272,
    0.4936877666083872,
    0.47783530156634485,
    0.46705767957561967,
    0.46023131098963144,
    0.45650140781204096,
    0.001842500629595428
  ]
}