{
  "graph": 0,
  "eps": [
    0.0,
    0.016666666666666666,
    0.03333333333333333,
    0.05,
    0.06666666666666667,
    0.08333333333333333,
    0.1,
    0.11666666666666667,
    0.13333333333333333,
    0.15,
    0.16666666666666666,
    0.18333333333333332,
    0.2,
    0.21666666666666667,
    0.23333333333333334,
    0.25,
    0.26666666666666666,
    0.2833333333333333,
    0.3,
    0.31666666666666665,
    0.3333333333333333,
    0.35,
    0.36666666666666664,
    0.3833333333333333,
    0.4,
    0.4166666666666667,
    0.43333333333333335,
    0.45,
    0.4666666666666667,
    0.48333333333333334,
    0.5
  ],
  "cuts_list": [
    0,
    0,
    0,
    1,
    0,
    1,
    0,
    1,
    0,
    1,
    1,
    1,
    0,
    0,
    1,
    1,
    1,
    0,
    1,
    1
  ],
  "Energies": [
    0.9257425742574258,
    0.8771042884326155,
    0.8299880938258442,
    0.7844506505695044,
    0.7405479410599947,
    0.6983384069026771,
    0.6578790037112092,
    0.6192278914713134,
    0.3587238516338644,
    0.490562411343986,
    0.6145398452203562,
    0.7231088344418094,
    0.8109449321875084,
    0.8748104806894867,
    0.9131301762339892,
    0.9255850889104654,
    0.9134775286631471,
    0.8790111079105518,
    0.8249242799458351,
    0.7547637177922891,
    0.700535519597233,
    0.6466158632707345,
    0.5990436679179157,
    0.5582600004414562,
    0.5244128629265334,
    0.4973441364020782,
    0.4766056732838425,
    0.46156017961616536,
    0.45146643195271,
    0.4456896989214525,
    0.00044815180149773823
  ]
}