{
  "graph": 7,
  "eps": [
    0.0,
    0.016666666666666666,
    0.03333333333333333,
    0.05,
    0.06666666666666667,
    0.08333333333333333,
    0.1,
    0.11666666666666667,
    0.13333333333333333,
    0.15,
    0.16666666666666666,
    0.18333333333333332,
    0.2,
    0.21666666666666667,
    0.23333333333333334,
    0.25,
    0.26666666666666666,
    0.2833333333333333,
    0.3,
    0.31666666666666665,
    0.3333333333333333,
    0.35,
    0.36666666666666664,
    0.3833333333333333,
    0.4,
    0.4166666666666667,
    0.43333333333333335,
    0.45,
    0.4666666666666667,
    0.48333333333333334,
    0.5
  ],
  "cuts_list": [
    0,
    1,
    1,
    1,
    1,
    0,
    0,
    1,
    0,
    0,
    0,
    0,
    1,
    0,
    0,
    0,
    1,
    1,
    1,
    0
  ],
  "Energies": [
    0.9203980099502499,
    0.863541509398629,
    0.8099316490321176,
    0.7471821181894738,
    0.6945843127145639,
    0.7926487860359237,
    0.5893244845096558,
    0.5411177538936185,
    0.3566550911695253,
    0.4877700397199277,
    0.6110440881514422,
    0.7189334586506783,
    0.8062637846510087,
    0.8697589470385162,
    0.9077614417224635,
    0.9203068521161314,
    0.9083182681084266,
    0.8739498118851007,
    0.8201474210246984,
    0.7503743396920944,
    0.6920502148308726,
    0.6348946403699711,
    0.5839273813690168,
    0.539974817879545,
    0.5034708289651576,
    0.4744738987448092,
    0.45259555358400355,
    0.43704010690779843,
    0.42686344899058026,
    0.42116400009838584,
    0.0002699429669068002
  ]
}