{
  "graph": 1,
  "eps": [
    0.0,
    0.016666666666666666,
    0.03333333333333333,
    0.05,
    0.06666666666666667,
    0.08333333333333333,
    0.1,
    0.11666666666666667,
    0.13333333333333333,
    0.15,
    0.16666666666666666,
    0.18333333333333332,
    0.2,
    0.21666666666666667,
    0.23333333333333334,
    0.25,
    0.26666666666666666,
    0.2833333333333333,
    0.3,
    0.31666666666666665,
    0.3333333333333333,
    0.35,
    0.36666666666666664,
    0.3833333333333333,
    0.4,
    0.4166666666666667,
    0.43333333333333335,
    0.45,
    0.4666666666666667,
    0.48333333333333334,
    0.5
  ],
  "cuts_list": [
    0,
    0,
    0,
    0,
    1,
    0,
    1,
    0,
    0,
    1,
    0,
    0,
    0,
    1,
    0,
    0,
    0,
    0,
    0,
    1
  ],
  "Energies": [
    0.880341880341874,
    0.8259084673965268,
    0.7725638544785236,
    0.7133658896061674,
    0.6656789922017292,
    0.61770086719773,
    0.15787672276831433,
    0.1718154621153483,
    0.3411442012512082,
    0.4665573164564152,
    0.5844534718638755,
    0.6876706486339268,
    0.7712424819021086,
    0.8318955153771058,
    0.8682564570227709,
    0.8802567066094431,
    0.8686973588126249,
    0.8359013365575905,
    0.7844651258880535,
    0.7237636544280583,
    0.6697687488898653,
    0.6230337024670296,
    0.5837934085555454,
    0.5518559693338999,
    0.5267466104108677,
    0.5077217443634363,
    0.49387704335765653,
    0.48426714703454404,
    0.4780624396092614,
    0.47460684866266195,
    0.0008408024922025914
  ]
}