{
  "graph": 2,
  "eps": [
    0.0,
    0.016666666666666666,
    0.03333333333333333,
    0.05,
    0.06666666666666667,
    0.08333333333333333,
    0.1,
    0.11666666666666667,
    0.13333333333333333,
    0.15,
    0.16666666666666666,
    0.18333333333333332,
    0.2,
    0.21666666666666667,
    0.23333333333333334,
    0.25,
    0.26666666666666666,
    0.2833333333333333,
    0.3,
    0.31666666666666665,
    0.3333333333333333,
    0.35,
    0.36666666666666664,
    0.3833333333333333,
    0.4,
    0.4166666666666667,
    0.43333333333333335,
    0.45,
    0.4666666666666667,
    0.48333333333333334,
    0.5
  ],
  "cuts_list": [
    0,
    1,
    0,
    0,
    0,
    0,
    1,
    1,
    1,
    1,
    1,
    1,
    1,
    0,
    1,
    1,
    1,
    1,
    1,
    1
  ],
  "Energies": [
    0.9518072289156659,
    0.8911815619068697,
    0.8322332140658261,
    0.7719984937585064,
    0.719142683984552,
    0.6644253828701252,
    0.6096711843479584,
    0.5597595443078477,
    0.3687749163670381,
    0.5043761678813625,
    0.6318534057073205,
    0.7433715907052294,
    0.8336439252139004,
    0.8993749908186193,
    0.9386666752540913,
    0.9516011656643378,
    0.9392698113500088,
    0.9038086789759772,
    0.8482184056829661,
    0.7760811696659616,
    0.7282871240042526,
    0.6717824887637753,
    0.619559845130878,
    0.5727706738874824,
    0.532499437640549,
    0.4993090279106243,
    0.4733449015586435,
    0.45425814091969935,
    0.4413731999207127,
    0.43398946218579865,
    0.00042883207077634456
  ]
}