{
  "graph": 8,
  "eps": [
    0.0,
    0.016666666666666666,
    0.03333333333333333,
    0.05,
    0.06666666666666667,
    0.08333333333333333,
    0.1,
    0.11666666666666667,
    0.13333333333333333,
    0.15,
    0.16666666666666666,
    0.18333333333333332,
    0.2,
    0.21666666666666667,
    0.23333333333333334,
    0.25,
    0.26666666666666666,
    0.2833333333333333,
    0.3,
    0.31666666666666665,
    0.3333333333333333,
    0.35,
    0.36666666666666664,
    0.3833333333333333,
    0.4,
    0.4166666666666667,
    0.43333333333333335,
    0.45,
    0.4666666666666667,
    0.48333333333333334,
    0.5
  ],
  "cuts_list": [
    0,
    0,
    0,
    0,
    0,
    0,
    1,
    1,
    0,
    1,
    1,
    1,
    0,
    1,
    0,
    1,
    1,
    0,
    0,
    1
  ],
  "Energies": [
    0.9498432601880792,
    0.8925172734772161,
    0.8323964506861039,
    0.7693895726865451,
    0.7171204595158749,
    0.661225351467799,
    0.6092035507286006,
    0.2350743313605433,
    0.36808673117190316,
    0.503393009877451,
    0.6306153856304552,
    0.7420010355440052,
    0.832139510813294,
    0.8976552880936555,
    0.9369129193957151,
    0.9498233137178271,
    0.9374272697433347,
    0.901865383667583,
    0.846320697179969,
    0.7743081941865696,
    0.7098641341224198,
    0.6541365174019602,
    0.6082487159665262,
    0.5717039658283005,
    0.5437116176223146,
    0.5231487828914401,
    0.5087446607446215,
    0.4991788066053901,
    0.49325808451146447,
    0.490085482662846,
    0.0023919314507869645
  ]
}