{
  "graph": 2,
  "eps": [
    0.0,
    0.016666666666666666,
    0.03333333333333333,
    0.05,
    0.06666666666666667,
    0.08333333333333333,
    0.1,
    0.11666666666666667,
    0.13333333333333333,
    0.15,
    0.16666666666666666,
    0.18333333333333332,
    0.2,
    0.21666666666666667,
    0.23333333333333334,
    0.25,
    0.26666666666666666,
    0.2833333333333333,
    0.3,
    0.31666666666666665,
    0.3333333333333333,
    0.35,
    0.36666666666666664,
    0.3833333333333333,
    0.4,
    0.4166666666666667,
    0.43333333333333335,
    0.45,
    0.4666666666666667,
    0.48333333333333334,
    0.5
  ],
  "cuts_list": [
    0,
    0,
    1,
    1,
    1,
    0,
    0,
    0,
    1,
    1,
    1,
    0,
    1,
    0,
    1,
    1,
    0,
    0,
    0,
    0
  ],
  "Energies": [
    0.9469879518072257,
    0.891615215572242,
    0.8296012995207093,
    0.770848780306078,
    0.7123113156281246,
    0.6595404934476067,
    0.606621939557619,
    0.23435991935938832,
    0.366931296994198,
    0.5018569348776762,
    0.628629956331676,
    0.7397162898917649,
    0.8295881752728502,
    0.8948813556028461,
    0.9340695670510659,
    0.9467875204702049,
    0.9345235814739999,
    0.8991699311290375,
    0.843808063948821,
    0.7719912249912025,
    0.7075086215820352,
    0.6482998873176978,
    0.5966590181139941,
    0.5528323006685487,
    0.5167695319895665,
    0.488133643056822,
    0.46625969072462276,
    0.45037729669071386,
    0.43970075829548116,
    0.43358830118870073,
    0.0004288612744287701
  ]
}