{
  "graph": 2,
  "eps": [
    0.0,
    0.016666666666666666,
    0.03333333333333333,
    0.05,
    0.06666666666666667,
    0.08333333333333333,
    0.1,
    0.11666666666666667,
    0.13333333333333333,
    0.15,
    0.16666666666666666,
    0.18333333333333332,
    0.2,
    0.21666666666666667,
    0.23333333333333334,
    0.25,
    0.26666666666666666,
    0.2833333333333333,
    0.3,
    0.31666666666666665,
    0.3333333333333333,
    0.35,
    0.36666666666666664,
    0.3833333333333333,
    0.4,
    0.4166666666666667,
    0.43333333333333335,
    0.45,
    0.4666666666666667,
    0.48333333333333334,
    0.5
  ],
  "cuts_list": [
    0,
    0,
    0,
    0,
    0,
    0,
    1,
    1,
    1,
    1,
    1,
    1,
    1,
    0,
    1,
    1,
    1,
    1,
    0,
    1
  ],
  "Energies": [
    0.9999999999999989,
    0.9361675406419329,
    0.8737358969759645,
    0.8109663418148947,
    0.7580738372208494,
    0.6985992600009419,
    0.6406817974030802,
    0.5881161359729401,
    0.3874631790284599,
    0.5299111540876994,
    0.6638102539265461,
    0.7811238797550601,
    0.8758770416141273,
    0.9449900739626305,
    0.9861738059419667,
    0.9998707227283534,
    0.9868903278298258,
    0.9495056026075379,
    0.891059408383786,
    0.8152227123454209,
    0.7473740188546928,
    0.6825953994187607,
    0.624625628057093,
    0.5741926873370535,
    0.5318692821538812,
    0.4978504698823301,
    0.47185224927876246,
    0.45317321882329464,
    0.4408096760829694,
    0.43383826729844394,
    0.00042885397195785744
  ]
}