{
  "graph": 0,
  "eps": [
    0.0,
    0.016666666666666666,
    0.03333333333333333,
    0.05,
    0.06666666666666667,
    0.08333333333333333,
    0.1,
    0.11666666666666667,
    0.13333333333333333,
    0.15,
    0.16666666666666666,
    0.18333333333333332,
    0.2,
    0.21666666666666667,
    0.23333333333333334,
    0.25,
    0.26666666666666666,
    0.2833333333333333,
    0.3,
    0.31666666666666665,
    0.3333333333333333,
    0.35,
    0.36666666666666664,
    0.3833333333333333,
    0.4,
    0.4166666666666667,
    0.43333333333333335,
    0.45,
    0.4666666666666667,
    0.48333333333333334,
    0.5
  ],
  "cuts_list": [
    0,
    1,
    0,
    0,
    1,
    0,
    1,
    0,
    0,
    0,
    0,
    0,
    1,
    1,
    0,
    0,
    0,
    1,
    0,
    0
  ],
  "Energies": [
    0.9306930693069324,
    0.8819698842197102,
    0.8341564346875971,
    0.7873812652376021,
    0.7417740519538125,
    0.697476016490058,
    0.654631207207566,
    0.613389416633563,
    0.3606428051148854,
    0.49323042952912594,
    0.6178801411890772,
    0.7270093759336985,
    0.8153097321281322,
    0.8795190972894121,
    0.9178127770258142,
    0.9305536521081256,
    0.9183892044466777,
    0.8837193938326272,
    0.82936096284719,
    0.7588004975054764,
    0.7068803896038288,
    0.6521986003965515,
    0.6033657613759418,
    0.5611549243312847,
    0.5260180452050297,
    0.49804420815214007,
    0.47675636809301847,
    0.4614813020932756,
    0.45137569685554735,
    0.44566521290807426,
    0.0004481196824201678
  ]
}