{
  "graph": 1,
  "eps": [
    0.0,
    0.016666666666666666,
    0.03333333333333333,
    0.05,
    0.06666666666666667,
    0.08333333333333333,
    0.1,
    0.11666666666666667,
    0.13333333333333333,
    0.15,
    0.16666666666666666,
    0.18333333333333332,
    0.2,
    0.21666666666666667,
    0.23333333333333334,
    0.25,
    0.26666666666666666,
    0.2833333333333333,
    0.3,
    0.31666666666666665,
    0.3333333333333333,
    0.35,
    0.36666666666666664,
    0.3833333333333333,
    0.4,
    0.4166666666666667,
    0.43333333333333335,
    0.45,
    0.4666666666666667,
    0.48333333333333334,
    0.5
  ],
  "cuts_list": [
    0,
    1,
    1,
    0,
    0,
    1,
    1,
    1,
    1,
    1,
    0,
    0,
    0,
    0,
    0,
    1,
    0,
    0,
    0,
    1
  ],
  "Energies": [
    0.9999999999999953,
    0.9365504259320832,
    0.8735679595191338,
    0.8101608575759405,
    0.75127716433099,
    0.6967346033491174,
    0.6401169497092395,
    0.24748781036623457,
    0.38752737256619346,
    0.5299811300241424,
    0.6639175088224367,
    0.78118575936386,
    0.8760867398068739,
    0.9450543215026928,
    0.9864023002015124,
    0.9999793238000484,
    0.986971805318068,
    0.9495669469631283,
    0.8910486807388296,
    0.8150624298209952,
    0.7361315512042115,
    0.668917713174838,
    0.6134755648448059,
    0.569446110150039,
    0.5359755581352413,
    0.5117448336382853,
    0.49511138277881217,
    0.4843545203530629,
    0.47790287954616584,
    0.474532595290861,
    0.0008408166534690791
  ]
}