{
  "graph": 3,
  "eps": [
    0.0,
    0.016666666666666666,
    0.03333333333333333,
    0.05,
    0.06666666666666667,
    0.08333333333333333,
    0.1,
    0.11666666666666667,
    0.13333333333333333,
    0.15,
    0.16666666666666666,
    0.18333333333333332,
    0.2,
    0.21666666666666667,
    0.23333333333333334,
    0.25,
    0.26666666666666666,
    0.2833333333333333,
    0.3,
    0.31666666666666665,
    0.3333333333333333,
    0.35,
    0.36666666666666664,
    0.3833333333333333,
    0.4,
    0.4166666666666667,
    0.43333333333333335,
    0.45,
    0.4666666666666667,
    0.48333333333333334,
    0.5
  ],
  "cuts_list": [
    0,
    0,
    0,
    1,
    1,
    1,
    0,
    0,
    1,
    1,
    0,
    1,
    0,
    0,
    0,
    1,
    1,
    0,
    0,
    0
  ],
  "Energies": [
    0.9505494505494588,
    0.8920788893557939,
    0.8324449178888061,
    0.7740456060010252,
    0.7184237514226447,
    0.6648986786751591,
    0.6135580917690787,
    0.2352449244414469,
    0.3683633540232576,
    0.5037586178479995,
    0.6310732811364155,
    0.742489839613163,
    0.8326837494386726,
    0.8982790408681326,
    0.9374571808254961,
    0.9503941960363295,
    0.9380926885355672,
    0.9026549864314943,
    0.8469732745690736,
    0.7749131668932716,
    0.7112058031320144,
    0.6529180796808879,
    0.6027407936826183,
    0.560958777536299,
    0.5274703093580635,
    0.5017474237538754,
    0.4829054881131711,
    0.46984078499713217,
    0.46143408184840007,
    0.4567988485088793,
    0.001842500629595251
  ]
}