{
  "graph": 7,
  "eps": [
    0.0,
    0.016666666666666666,
    0.03333333333333333,
    0.05,
    0.06666666666666667,
    0.08333333333333333,
    0.1,
    0.11666666666666667,
    0.13333333333333333,
    0.15,
    0.16666666666666666,
    0.18333333333333332,
    0.2,
    0.21666666666666667,
    0.23333333333333334,
    0.25,
    0.26666666666666666,
    0.2833333333333333,
    0.3,
    0.31666666666666665,
    0.3333333333333333,
    0.35,
    0.36666666666666664,
    0.3833333333333333,
    0.4,
    0.4166666666666667,
    0.43333333333333335,
    0.45,
    0.4666666666666667,
    0.48333333333333334,
    0.5
  ],
  "cuts_list": [
    0,
    1,
    0,
    1,
    1,
    1,
    0,
    1,
    0,
    0,
    0,
    0,
    0,
    0,
    0,
    1,
    1,
    1,
    0,
    0
  ],
  "Energies": [
    0.9850746268656693,
    0.9267488853497945,
    0.8658790714704429,
    0.804683583202348,
    0.7432417968999068,
    0.6865246097294257,
    0.630868663319655,
    0.5795967082672608,
    0.38167958902751686,
    0.5220162707720357,
    0.6539555378620046,
    0.7694125090113026,
    0.8628535664358756,
    0.9308013308675649,
    0.9714967970051378,
    0.9850172978532109,
    0.9720400098573861,
    0.9353252788086344,
    0.8777299570257839,
    0.8029772200171057,
    0.7317720199473972,
    0.6659101495850007,
    0.6073863679653003,
    0.557007054327266,
    0.5152179021509616,
    0.4820494016015118,
    0.45707123602313593,
    0.43936848528403,
    0.427827823592418,
    0.42138160619044707,
    0.00026996564143155565
  ]
}