{
  "graph": 1,
  "eps": [
    0.0,
    0.016666666666666666,
    0.03333333333333333,
    0.05,
    0.06666666666666667,
    0.08333333333333333,
    0.1,
    0.11666666666666667,
    0.13333333333333333,
    0.15,
    0.16666666666666666,
    0.18333333333333332,
    0.2,
    0.21666666666666667,
    0.23333333333333334,
    0.25,
    0.26666666666666666,
    0.2833333333333333,
    0.3,
    0.31666666666666665,
    0.3333333333333333,
    0.35,
    0.36666666666666664,
    0.3833333333333333,
    0.4,
    0.4166666666666667,
    0.43333333333333335,
    0.45,
    0.4666666666666667,
    0.48333333333333334,
    0.5
  ],
  "cuts_list": [
    0,
    1,
    0,
    1,
    1,
    0,
    1,
    0,
    1,
    1,
    0,
    0,
    0,
    1,
    1,
    0,
    1,
    1,
    0,
    0
  ],
  "Energies": [
    0.8632478632478634,
    0.8086240313565617,
    0.7542272127207982,
    0.6997017141355859,
    0.6506177835509643,
    0.6015203557470333,
    0.5544811738208626,
    0.21364045204646556,
    0.3345206106284658,
    0.4574924294433048,
    0.573101709898601,
    0.6743504420231792,
    0.7562737754106047,
    0.8158130598243583,
    0.851454289509112,
    0.8632203531472535,
    0.8518729025605041,
    0.8197609350995386,
    0.7691795405627918,
    0.7038273226487073,
    0.6501884644093212,
    0.6035277973254439,
    0.5658848705843879,
    0.5365370302413315,
    0.5145564428534949,
    0.49876549509548834,
    0.48791534797395775,
    0.48082089401494593,
    0.476507099410051,
    0.4742066616404895,
    0.0008408024197879584
  ]
}