{
  "graph": 8,
  "eps": [
    0.0,
    0.016666666666666666,
    0.03333333333333333,
    0.05,
    0.06666666666666667,
    0.08333333333333333,
    0.1,
    0.11666666666666667,
    0.13333333333333333,
    0.15,
    0.16666666666666666,
    0.18333333333333332,
    0.2,
    0.21666666666666667,
    0.23333333333333334,
    0.25,
    0.26666666666666666,
    0.2833333333333333,
    0.3,
    0.31666666666666665,
    0.3333333333333333,
    0.35,
    0.36666666666666664,
    0.3833333333333333,
    0.4,
    0.4166666666666667,
    0.43333333333333335,
    0.45,
    0.4666666666666667,
    0.48333333333333334,
    0.5
  ],
  "cuts_list": [
    0,
    0,
    0,
    1,
    1,
    0,
    0,
    0,
    0,
    0,
    1,
    0,
    1,
    0,
    0,
    1,
    0,
    1,
    1,
    0
  ],
  "Energies": [
    0.8871473354231948,
    0.8590577124096703,
    0.7749751850078063,
    0.7186891246639525,
    0.6672054744307646,
    0.6175166963863323,
    0.569079386795005,
    0.21955635133925142,
    0.34375643611398216,
    0.47015416023772966,
    0.58896864565316,
    0.692972390215725,
    0.777102250051991,
    0.8383857216705843,
    0.8750482882324058,
    0.8869195676893069,
    0.8754786404722176,
    0.8423633444283819,
    0.7905391107805712,
    0.7305940886853842,
    0.6777311842548968,
    0.6321758897857787,
    0.5940596423333965,
    0.563173415622496,
    0.5390269808596746,
    0.5208974695617131,
    0.5078547699123949,
    0.498920009520582,
    0.4932249612948003,
    0.49008881843186686,
    0.0023918981272409304
  ]
}