{
  "graph": 6,
  "eps": [
    0.0,
    0.016666666666666666,
    0.03333333333333333,
    0.05,
    0.06666666666666667,
    0.08333333333333333,
    0.1,
    0.11666666666666667,
    0.13333333333333333,
    0.15,
    0.16666666666666666,
    0.18333333333333332,
    0.2,
    0.21666666666666667,
    0.23333333333333334,
    0.25,
    0.26666666666666666,
    0.2833333333333333,
    0.3,
    0.31666666666666665,
    0.3333333333333333,
    0.35,
    0.36666666666666664,
    0.3833333333333333,
    0.4,
    0.4166666666666667,
    0.43333333333333335,
    0.45,
    0.4666666666666667,
    0.48333333333333334,
    0.5
  ],
  "cuts_list": [
    0,
    0,
    1,
    1,
    0,
    0,
    0,
    0,
    1,
    1,
    0,
    1,
    0,
    0,
    1,
    0,
    1,
    1,
    0,
    0
  ],
  "Energies": [
    0.9999999999999951,
    0.9484936638734681,
    0.8868799021913939,
    0.8232424079445484,
    0.7568349015885415,
    0.6984946786499674,
    0.6444597870805482,
    0.2474766126333891,
    0.38749352208081056,
    0.5299655540544653,
    0.6638701415526775,
    0.7810915173657608,
    0.8760612327957644,
    0.944906147287452,
    0.9861576723522693,
    0.9998703001786547,
    0.9867880929419185,
    0.9495335215382621,
    0.8910062479312683,
    0.8151144761420892,
    0.7384672019556339,
    0.667428770622665,
    0.603598516502125,
    0.5479766133733747,
    0.5013304696771012,
    0.46395799958886336,
    0.43559538728946096,
    0.41542516614544456,
    0.4022612264647229,
    0.3949397824368771,
    0.00031767421199237656
  ]
}