{
  "graph": 9,
  "eps": [
    0.0,
    0.016666666666666666,
    0.03333333333333333,
    0.05,
    0.06666666666666667,
    0.08333333333333333,
    0.1,
    0.11666666666666667,
    0.13333333333333333,
    0.15,
    0.16666666666666666,
    0.18333333333333332,
    0.2,
    0.21666666666666667,
    0.23333333333333334,
    0.25,
    0.26666666666666666,
    0.2833333333333333,
    0.3,
    0.31666666666666665,
    0.3333333333333333,
    0.35,
    0.36666666666666664,
    0.3833333333333333,
    0.4,
    0.4166666666666667,
    0.43333333333333335,
    0.45,
    0.4666666666666667,
    0.48333333333333334,
    0.5
  ],
  "cuts_list": [
    0,
    0,
    0,
    0,
    0,
    0,
    1,
    0,
    0,
    1,
    1,
    0,
    0,
    0,
    0,
    0,
    0,
    1,
    0,
    1
  ],
  "Energies": [
    0.9830508474576297,
    0.9219521769145538,
    0.8617934286835731,
    0.7974121783998946,
    0.7385696551385045,
    0.6826777940700167,
    0.6309313787031792,
    0.24329260448648524,
    0.3809545744654672,
    0.5209938021108119,
    0.6526568147046782,
    0.7679403959563965,
    0.8611938626426952,
    0.928997410401938,
    0.969643531347889,
    0.9829648273358274,
    0.9701898560598184,
    0.9335204046960994,
    0.8759009358607658,
    0.8013240866875591,
    0.73135256559419,
    0.6698822259044658,
    0.6178219571073418,
    0.5751720681922261,
    0.541468450850368,
    0.5158972098679292,
    0.4973525549326228,
    0.48460114672341226,
    0.47645438636012516,
    0.4719733537417116,
    0.00044823662347472256
  ]
}