{
  "graph": 1,
  "eps": [
    0.0,
    0.016666666666666666,
    0.03333333333333333,
    0.05,
    0.06666666666666667,
    0.08333333333333333,
    0.1,
    0.11666666666666667,
    0.13333333333333333,
    0.15,
    0.16666666666666666,
    0.18333333333333332,
    0.2,
    0.21666666666666667,
    0.23333333333333334,
    0.25,
    0.26666666666666666,
    0.2833333333333333,
    0.3,
    0.31666666666666665,
    0.3333333333333333,
    0.35,
    0.36666666666666664,
    0.3833333333333333,
    0.4,
    0.4166666666666667,
    0.43333333333333335,
    0.45,
    0.4666666666666667,
    0.48333333333333334,
    0.5
  ],
  "cuts_list": [
    0,
    1,
    1,
    0,
    0,
    1,
    0,
    1,
    1,
    1,
    0,
    0,
    0,
    0,
    0,
    1,
    0,
    0,
    0,
    0
  ],
  "Energies": [
    0.8860398860398914,
    0.8363818601398875,
    0.7805025094702034,
    0.7243390595884583,
    0.6700104368444079,
    0.6162483013616831,
    0.5676047398447025,
    0.21928382062326457,
    0.3433641560907724,
    0.4695690060734299,
    0.588235982226675,
    0.6921526112666443,
    0.7762409359682074,
    0.8372992340753183,
    0.873977541193855,
    0.8859186477145554,
    0.8744920028539191,
    0.8414147114173026,
    0.7895029406945553,
    0.7223474708588707,
    0.667585012687397,
    0.6183630792066103,
    0.5777895853688609,
    0.5455751998152221,
    0.5209656431300919,
    0.5029982181591605,
    0.49047201143741326,
    0.4821780291632591,
    0.47708000494956965,
    0.4743542186357928,
    0.0008408193099042212
  ]
}