{
  "graph": 6,
  "eps": [
    0.0,
    0.016666666666666666,
    0.03333333333333333,
    0.05,
    0.06666666666666667,
    0.08333333333333333,
    0.1,
    0.11666666666666667,
    0.13333333333333333,
    0.15,
    0.16666666666666666,
    0.18333333333333332,
    0.2,
    0.21666666666666667,
    0.23333333333333334,
    0.25,
    0.26666666666666666,
    0.2833333333333333,
    0.3,
    0.31666666666666665,
    0.3333333333333333,
    0.35,
    0.36666666666666664,
    0.3833333333333333,
    0.4,
    0.4166666666666667,
    0.43333333333333335,
    0.45,
    0.4666666666666667,
    0.48333333333333334,
    0.5
  ],
  "cuts_list": [
    0,
    0,
    1,
    1,
    1,
    0,
    0,
    0,
    1,
    1,
    0,
    1,
    0,
    0,
    1,
    0,
    1,
    1,
    0,
    0
  ],
  "Energies": [
    0.9548872180451159,
    0.9001607730327069,
    0.8407163937536635,
    0.7765099504240833,
    0.7217850377907475,
    0.66697251968569,
    0.6135504993096516,
    0.5616522491142627,
    0.370037944496239,
    0.5060572446074846,
    0.6339488710608421,
    0.7459123122171302,
    0.8364298661298918,
    0.9023169051642504,
    0.9418751059341606,
    0.9547455015615344,
    0.942348057235419,
    0.9067038541870207,
    0.8508535394840718,
    0.7784381527432183,
    0.7115552810978876,
    0.6474653357292172,
    0.5894920525984934,
    0.5386889941472605,
    0.4957304838675634,
    0.4609747371026154,
    0.4342534973841568,
    0.4149568991352782,
    0.40215618954243243,
    0.39492829380511135,
    0.0003176754105197533
  ]
}