{
  "graph": 6,
  "eps": [
    0.0,
    0.016666666666666666,
    0.03333333333333333,
    0.05,
    0.06666666666666667,
    0.08333333333333333,
    0.1,
    0.11666666666666667,
    0.13333333333333333,
    0.15,
    0.16666666666666666,
    0.18333333333333332,
    0.2,
    0.21666666666666667,
    0.23333333333333334,
    0.25,
    0.26666666666666666,
    0.2833333333333333,
    0.3,
    0.31666666666666665,
    0.3333333333333333,
    0.35,
    0.36666666666666664,
    0.3833333333333333,
    0.4,
    0.4166666666666667,
    0.43333333333333335,
    0.45,
    0.4666666666666667,
    0.48333333333333334,
    0.5
  ],
  "cuts_list": [
    0,
    0,
    1,
    1,
    0,
    0,
    0,
    0,
    1,
    1,
    0,
    1,
    0,
    0,
    1,
    1,
    1,
    1,
    0,
    0
  ],
  "Energies": [
    0.9699248120300735,
    0.9069253697865348,
    0.8469606810896431,
    0.7867370135715931,
    0.7293117879201855,
    0.6740772638249305,
    0.6211150541330811,
    0.5761185186508584,
    0.37586935384419745,
    0.5140157269448045,
    0.6438802486982793,
    0.7576102752183523,
    0.8497194089482178,
    0.9165734293290145,
    0.9566679007070142,
    0.9696966730731089,
    0.957231984760058,
    0.9209428539097311,
    0.8642187997735326,
    0.7906117876428406,
    0.7176845614856272,
    0.6501280681134367,
    0.5896236016301548,
    0.5372125848405886,
    0.4935316134829204,
    0.4587354277312413,
    0.4324375209756819,
    0.41376266285422103,
    0.4015723086519792,
    0.39477494935697033,
    0.0003176477127410067
  ]
}