{
  "graph": 5,
  "eps": [
    0.0,
    0.016666666666666666,
    0.03333333333333333,
    0.05,
    0.06666666666666667,
    0.08333333333333333,
    0.1,
    0.11666666666666667,
    0.13333333333333333,
    0.15,
    0.16666666666666666,
    0.18333333333333332,
    0.2,
    0.21666666666666667,
    0.23333333333333334,
    0.25,
    0.26666666666666666,
    0.2833333333333333,
    0.3,
    0.31666666666666665,
    0.3333333333333333,
    0.35,
    0.36666666666666664,
    0.3833333333333333,
    0.4,
    0.4166666666666667,
    0.43333333333333335,
    0.45,
    0.4666666666666667,
    0.48333333333333334,
    0.5
  ],
  "cuts_list": [
    0,
    1,
    1,
    1,
    1,
    1,
    1,
    1,
    1,
    1,
    0,
    1,
    1,
    0,
    1,
    0,
    1,
    1,
    0,
    0
  ],
  "Energies": [
    0.9405405405405424,
    0.8818937897913958,
    0.8225686839581601,
    0.7644446623721577,
    0.708277385345781,
    0.6574343631192675,
    0.6023405238524923,
    0.2327699079023141,
    0.3644800701738399,
    0.49842793616660686,
    0.6244294132202443,
    0.7346536953664154,
    0.8238424222526215,
    0.8887649577112409,
    0.927697241736752,
    0.9404874762412642,
    0.9282579399145653,
    0.8931582743625124,
    0.8380448312281864,
    0.7667232332331755,
    0.7014503499939626,
    0.6426508751516308,
    0.5922344816371723,
    0.5502835522747107,
    0.5166153963627425,
    0.49063643079226243,
    0.4714683197933932,
    0.45806244532276574,
    0.44937486290380724,
    0.4445393279543555,
    0.0002093875812886665
  ]
}