{
  "graph": 5,
  "eps": [
    0.0,
    0.016666666666666666,
    0.03333333333333333,
    0.05,
    0.06666666666666667,
    0.08333333333333333,
    0.1,
    0.11666666666666667,
    0.13333333333333333,
    0.15,
    0.16666666666666666,
    0.18333333333333332,
    0.2,
    0.21666666666666667,
    0.23333333333333334,
    0.25,
    0.26666666666666666,
    0.2833333333333333,
    0.3,
    0.31666666666666665,
    0.3333333333333333,
    0.35,
    0.36666666666666664,
    0.3833333333333333,
    0.4,
    0.4166666666666667,
    0.43333333333333335,
    0.45,
    0.4666666666666667,
    0.48333333333333334,
    0.5
  ],
  "cuts_list": [
    0,
    1,
    0,
    0,
    0,
    0,
    0,
    1,
    0,
    1,
    1,
    0,
    0,
    0,
    0,
    1,
    1,
    1,
    1,
    1
  ],
  "Energies": [
    1.0000000000000049,
    0.9359414106526747,
    0.872416089739647,
    0.8148237521512508,
    0.7572815979758609,
    0.7018434921346817,
    0.6485181455896576,
    0.5973150053075351,
    0.38751822157869953,
    0.5299732319638208,
    0.6639096321172434,
    0.7811091912626196,
    0.8760516339501607,
    0.9450564528338948,
    0.9863368383986988,
    0.99986780860338,
    0.9868604163589805,
    0.949634678942035,
    0.891020105218502,
    0.8150856081594449,
    0.7373609975422102,
    0.6689036894578796,
    0.6102259982094967,
    0.5617772446912116,
    0.5232352650988603,
    0.493991682584502,
    0.47287497621732055,
    0.4585011059718601,
    0.4494581934308116,
    0.44453645569554695,
    0.00020938124524230573
  ]
}