{
  "graph": 2,
  "eps": [
    0.0,
    0.016666666666666666,
    0.03333333333333333,
    0.05,
    0.06666666666666667,
    0.08333333333333333,
    0.1,
    0.11666666666666667,
    0.13333333333333333,
    0.15,
    0.16666666666666666,
    0.18333333333333332,
    0.2,
    0.21666666666666667,
    0.23333333333333334,
    0.25,
    0.26666666666666666,
    0.2833333333333333,
    0.3,
    0.31666666666666665,
    0.3333333333333333,
    0.35,
    0.36666666666666664,
    0.3833333333333333,
    0.4,
    0.4166666666666667,
    0.43333333333333335,
    0.45,
    0.4666666666666667,
    0.48333333333333334,
    0.5
  ],
  "cuts_list": [
    0,
    0,
    0,
    1,
    1,
    0,
    0,
    0,
    1,
    1,
    1,
    0,
    1,
    0,
    1,
    1,
    0,
    0,
    0,
    0
  ],
  "Energies": [
    0.9759036144578349,
    0.9163047678068781,
    0.8522905829678903,
    0.7930040278825027,
    0.7366626456520137,
    0.6809497824377875,
    0.6253745717749378,
    0.24150427505448724,
    0.3781398525842758,
    0.5171921265797039,
    0.6478252844812323,
    0.7623208065668302,
    0.8548441206418924,
    0.9221079645313922,
    0.9623487680505592,
    0.9757315300822184,
    0.9631172569097519,
    0.9266480009250887,
    0.8695927303611178,
    0.7955562723884015,
    0.7297659147940742,
    0.6674764540923044,
    0.6122977501390189,
    0.5648703707815184,
    0.5254387120049803,
    0.493892696210355,
    0.46974602954764305,
    0.45222161634443864,
    0.4404800044718221,
    0.43377425483643917,
    0.0004288404871386046
  ]
}