{
  "graph": 3,
  "eps": [
    0.0,
    0.016666666666666666,
    0.03333333333333333,
    0.05,
    0.06666666666666667,
    0.08333333333333333,
    0.1,
    0.11666666666666667,
    0.13333333333333333,
    0.15,
    0.16666666666666666,
    0.18333333333333332,
    0.2,
    0.21666666666666667,
    0.23333333333333334,
    0.25,
    0.26666666666666666,
    0.2833333333333333,
    0.3,
    0.31666666666666665,
    0.3333333333333333,
    0.35,
    0.36666666666666664,
    0.3833333333333333,
    0.4,
    0.4166666666666667,
    0.43333333333333335,
    0.45,
    0.4666666666666667,
    0.48333333333333334,
    0.5
  ],
  "cuts_list": [
    0,
    1,
    0,
    0,
    0,
    0,
    1,
    0,
    1,
    0,
    1,
    0,
    1,
    0,
    1,
    0,
    0,
    0,
    1,
    1
  ],
  "Energies": [
    0.8406593406593389,
    0.7932014322301784,
    0.7324089403100954,
    0.6825379774848012,
    0.6327678212744235,
    0.5847379657671782,
    0.5433830656127199,
    0.20804756714317815,
    0.32575615920502143,
    0.44551742233961655,
    0.558103079356153,
    0.6566111607190691,
    0.7364474742218877,
    0.7943956132973546,
    0.8289712877866265,
    0.8404653264970136,
    0.8296212981299874,
    0.7982646569266235,
    0.7492049890567926,
    0.70009722952341,
    0.6530380087993061,
    0.6099818179125082,
    0.5719207679850772,
    0.5395043077671885,
    0.5130774611141029,
    0.4925461984735983,
    0.47742640142155846,
    0.4669344836421654,
    0.46019664785859116,
    0.456497236583827,
    0.0018425006295950282
  ]
}