{
  "graph": 0,
  "eps": [
    0.0,
    0.016666666666666666,
    0.03333333333333333,
    0.05,
    0.06666666666666667,
    0.08333333333333333,
    0.1,
    0.11666666666666667,
    0.13333333333333333,
    0.15,
    0.16666666666666666,
    0.18333333333333332,
    0.2,
    0.21666666666666667,
    0.23333333333333334,
    0.25,
    0.26666666666666666,
    0.2833333333333333,
    0.3,
    0.31666666666666665,
    0.3333333333333333,
    0.35,
    0.36666666666666664,
    0.3833333333333333,
    0.4,
    0.4166666666666667,
    0.43333333333333335,
    0.45,
    0.4666666666666667,
    0.48333333333333334,
    0.5
  ],
  "cuts_list": [
    0,
    0,
    1,
    1,
    0,
    1,
    0,
    1,
    1,
    1,
    1,
    1,
    0,
    0,
    1,
    1,
    1,
    0,
    1,
    1
  ],
  "Energies": [
    0.9752475247524747,
    0.9201560589673672,
    0.8666336243224878,
    0.8147730538810048,
    0.7646696799553384,
    0.716422203263754,
    0.670134607441527,
    0.24131739898497465,
    0.37786332963940056,
    0.516833835493719,
    0.6474509552117987,
    0.7617951619205205,
    0.8542062916862971,
    0.9214034742885762,
    0.9618500260643323,
    0.975012323009847,
    0.9623644306880595,
    0.9260050762167475,
    0.8690234347916089,
    0.7990970214479164,
    0.7330109796009081,
    0.6724961915439054,
    0.6186738119900276,
    0.5723191676946279,
    0.5337888483154511,
    0.5030928880812047,
    0.4798042400256554,
    0.4631082592077854,
    0.4520681297203724,
    0.44583362045755826,
    0.0004481442813965604
  ]
}