{
  "graph": 2,
  "eps": [
    0.0,
    0.016666666666666666,
    0.03333333333333333,
    0.05,
    0.06666666666666667,
    0.08333333333333333,
    0.1,
    0.11666666666666667,
    0.13333333333333333,
    0.15,
    0.16666666666666666,
    0.18333333333333332,
    0.2,
    0.21666666666666667,
    0.23333333333333334,
    0.25,
    0.26666666666666666,
    0.2833333333333333,
    0.3,
    0.31666666666666665,
    0.3333333333333333,
    0.35,
    0.36666666666666664,
    0.3833333333333333,
    0.4,
    0.4166666666666667,
    0.43333333333333335,
    0.45,
    0.4666666666666667,
    0.48333333333333334,
    0.5
  ],
  "cuts_list": [
    0,
    0,
    0,
    0,
    0,
    0,
    1,
    1,
    1,
    1,
    1,
    1,
    1,
    0,
    1,
    1,
    1,
    1,
    1,
    1
  ],
  "Energies": [
    0.9614457831325322,
    0.8988532419402063,
    0.8392373641739806,
    0.780753068666544,
    0.7230485093525713,
    0.6685737750760233,
    0.6154803454296505,
    0.5654481872772279,
    0.37253451713912106,
    0.509482413838053,
    0.6382207878943235,
    0.7509653166862903,
    0.8422319287463977,
    0.9084991647174413,
    0.9482226188912095,
    0.9612866572276432,
    0.9487681488741352,
    0.9129304580546937,
    0.85677571814289,
    0.783871519291086,
    0.7299052592455942,
    0.6715125184965571,
    0.6181071352653141,
    0.5707808733116126,
    0.5304041823297732,
    0.4974666242268398,
    0.47194420707075796,
    0.4533622510719616,
    0.440939198811309,
    0.43388274017842354,
    0.00042881091884359605
  ]
}