{
  "graph": 7,
  "eps": [
    0.0,
    0.016666666666666666,
    0.03333333333333333,
    0.05,
    0.06666666666666667,
    0.08333333333333333,
    0.1,
    0.11666666666666667,
    0.13333333333333333,
    0.15,
    0.16666666666666666,
    0.18333333333333332,
    0.2,
    0.21666666666666667,
    0.23333333333333334,
    0.25,
    0.26666666666666666,
    0.2833333333333333,
    0.3,
    0.31666666666666665,
    0.3333333333333333,
    0.35,
    0.36666666666666664,
    0.3833333333333333,
    0.4,
    0.4166666666666667,
    0.43333333333333335,
    0.45,
    0.4666666666666667,
    0.48333333333333334,
    0.5
  ],
  "cuts_list": [
    0,
    1,
    1,
    1,
    1,
    1,
    0,
    1,
    0,
    0,
    0,
    0,
    1,
    0,
    0,
    0,
    1,
    1,
    0,
    0
  ],
  "Energies": [
    0.980099502487563,
    0.9187608336921363,
    0.8539180984086678,
    0.7949299695725455,
    0.7369121894578343,
    0.6821894781888369,
    0.6275945064823962,
    0.2425480273121554,
    0.3797995467775682,
    0.5193713824420794,
    0.650645855466973,
    0.7655961055143756,
    0.8585179903535919,
    0.9262070076036719,
    0.9667004322512677,
    0.9798916455682234,
    0.9672883397013455,
    0.9306535997790619,
    0.8733315658709531,
    0.798987156286776,
    0.7323517813964369,
    0.6682636965282449,
    0.6105996291790786,
    0.5604239243108177,
    0.518345562279003,
    0.4846251752804584,
    0.45893191369775244,
    0.4405035820974429,
    0.4283628889168114,
    0.4215282197772185,
    0.00026996328900498196
  ]
}