{
  "graph": 4,
  "eps": [
    0.0,
    0.016666666666666666,
    0.03333333333333333,
    0.05,
    0.06666666666666667,
    0.08333333333333333,
    0.1,
    0.11666666666666667,
    0.13333333333333333,
    0.15,
    0.16666666666666666,
    0.18333333333333332,
    0.2,
    0.21666666666666667,
    0.23333333333333334,
    0.25,
    0.26666666666666666,
    0.2833333333333333,
    0.3,
    0.31666666666666665,
    0.3333333333333333,
    0.35,
    0.36666666666666664,
    0.3833333333333333,
    0.4,
    0.4166666666666667,
    0.43333333333333335,
    0.45,
    0.4666666666666667,
    0.48333333333333334,
    0.5
  ],
  "cuts_list": [
    0,
    0,
    0,
    0,
    0,
    1,
    1,
    0,
    0,
    1,
    1,
    1,
    0,
    1,
    0,
    1,
    0,
    1,
    1,
    1
  ],
  "Energies": [
    0.9528023598820106,
    0.8940094722871351,
    0.8339324084182461,
    0.7784064072836938,
    0.7212579139774838,
    0.6642303564184736,
    0.6121574108112352,
    0.23580383080055706,
    0.36923346134500185,
    0.5049634494920987,
    0.6325204185984903,
    0.74428309184029,
    0.8347117684534655,
    0.9004270308337865,
    0.9398145447078943,
    0.9527200673840727,
    0.9402880735346332,
    0.9047419390802102,
    0.8489692364216426,
    0.776720863111403,
    0.7117631349174016,
    0.6537213388260504,
    0.6046455829322519,
    0.5645527851938745,
    0.5330692208790829,
    0.5094108685812755,
    0.49246617576969604,
    0.4809676340441052,
    0.4737338446455485,
    0.46979438043777577,
    0.0007360990628837941
  ]
}