{
  "graph": 7,
  "eps": [
    0.0,
    0.016666666666666666,
    0.03333333333333333,
    0.05,
    0.06666666666666667,
    0.08333333333333333,
    0.1,
    0.11666666666666667,
    0.13333333333333333,
    0.15,
    0.16666666666666666,
    0.18333333333333332,
    0.2,
    0.21666666666666667,
    0.23333333333333334,
    0.25,
    0.26666666666666666,
    0.2833333333333333,
    0.3,
    0.31666666666666665,
    0.3333333333333333,
    0.35,
    0.36666666666666664,
    0.3833333333333333,
    0.4,
    0.4166666666666667,
    0.43333333333333335,
    0.45,
    0.4666666666666667,
    0.48333333333333334,
    0.5
  ],
  "cuts_list": [
    0,
    1,
    0,
    1,
    1,
    1,
    0,
    1,
    0,
    0,
    0,
    0,
    1,
    0,
    0,
    0,
    1,
    1,
    0,
    0
  ],
  "Energies": [
    0.97014925373134,
    0.9153465359450667,
    0.9299984329655686,
    0.7918576411061673,
    0.7296785697485518,
    0.8580318743031744,
    0.621008977291973,
    0.5703069032851483,
    0.37594343945610387,
    0.5141365736414797,
    0.6440600135965503,
    0.7578167437369003,
    0.8498342222255288,
    0.9167111287454697,
    0.9566582892744995,
    0.9699257439619198,
    0.9573584780576703,
    0.9211778076670953,
    0.864507264926451,
    0.7909703245200271,
    0.7312346971105372,
    0.6697277695116425,
    0.6135109036856558,
    0.5638315129397932,
    0.5216399566081045,
    0.4873189367058899,
    0.46086370732829385,
    0.4416767514855412,
    0.42890402020603186,
    0.4216652770493617,
    0.00026992905216410493
  ]
}