{
  "graph": 3,
  "eps": [
    0.0,
    0.016666666666666666,
    0.03333333333333333,
    0.05,
    0.06666666666666667,
    0.08333333333333333,
    0.1,
    0.11666666666666667,
    0.13333333333333333,
    0.15,
    0.16666666666666666,
    0.18333333333333332,
    0.2,
    0.21666666666666667,
    0.23333333333333334,
    0.25,
    0.26666666666666666,
    0.2833333333333333,
    0.3,
    0.31666666666666665,
    0.3333333333333333,
    0.35,
    0.36666666666666664,
    0.3833333333333333,
    0.4,
    0.4166666666666667,
    0.43333333333333335,
    0.45,
    0.4666666666666667,
    0.48333333333333334,
    0.5
  ],
  "cuts_list": [
    0,
    0,
    1,
    1,
    1,
    1,
    0,
    1,
    0,
    1,
    0,
    1,
    0,
    1,
    0,
    1,
    1,
    1,
    0,
    0
  ],
  "Energies": [
    1.0000000000000033,
    0.9368298284954828,
    0.8732606120052291,
    0.8110329706322639,
    0.7519107414478811,
    0.6959632177070242,
    0.6405705259546096,
    0.5877918066341705,
    0.3875245781052985,
    0.5299693944269392,
    0.6638511952681924,
    0.7811774442928472,
    0.8760818914616479,
    0.9448868222858307,
    0.9863093037776823,
    0.9999218366026883,
    0.9869535441225701,
    0.9496270305691085,
    0.8910277661028743,
    0.8151052466685602,
    0.7396464665700999,
    0.6733979427825831,
    0.6169197499236081,
    0.5702770860772151,
    0.5332261623453756,
    0.505026313476976,
    0.4846050929225951,
    0.47061035570122167,
    0.461720555959515,
    0.45685676426174093,
    0.001842500629595447
  ]
}