{
  "graph": 4,
  "eps": [
    0.0,
    0.016666666666666666,
    0.03333333333333333,
    0.05,
    0.06666666666666667,
    0.08333333333333333,
    0.1,
    0.11666666666666667,
    0.13333333333333333,
    0.15,
    0.16666666666666666,
    0.18333333333333332,
    0.2,
    0.21666666666666667,
    0.23333333333333334,
    0.25,
    0.26666666666666666,
    0.2833333333333333,
    0.3,
    0.31666666666666665,
    0.3333333333333333,
    0.35,
    0.36666666666666664,
    0.3833333333333333,
    0.4,
    0.4166666666666667,
    0.43333333333333335,
    0.45,
    0.4666666666666667,
    0.48333333333333334,
    0.5
  ],
  "cuts_list": [
    0,
    0,
    0,
    0,
    1,
    0,
    1,
    0,
    0,
    1,
    1,
    1,
    0,
    1,
    0,
    1,
    1,
    1,
    1,
    1
  ],
  "Energies": [
    0.8938053097345151,
    0.8396306045139079,
    0.7829590974995062,
    0.7303315561382184,
    0.6784584917095086,
    0.7635220101898571,
    0.5725440438158441,
    0.22120313537336503,
    0.34635885895257906,
    0.4736832291905205,
    0.5933672377303729,
    0.6981945655213968,
    0.7829840772948818,
    0.8446867671942538,
    0.8815886253872923,
    0.8937399205699847,
    0.8820085089660245,
    0.8487286954860539,
    0.7964370696048014,
    0.7287083631968221,
    0.6747779582496722,
    0.6247405863672253,
    0.5827582070059921,
    0.548720791220834,
    0.5222058218990888,
    0.5024219024814248,
    0.48832664536773635,
    0.4788090819745433,
    0.47282823799359364,
    0.4695781209615365,
    0.0007360792930071899
  ]
}