{
  "graph": 3,
  "eps": [
    0.0,
    0.016666666666666666,
    0.03333333333333333,
    0.05,
    0.06666666666666667,
    0.08333333333333333,
    0.1,
    0.11666666666666667,
    0.13333333333333333,
    0.15,
    0.16666666666666666,
    0.18333333333333332,
    0.2,
    0.21666666666666667,
    0.23333333333333334,
    0.25,
    0.26666666666666666,
    0.2833333333333333,
    0.3,
    0.31666666666666665,
    0.3333333333333333,
    0.35,
    0.36666666666666664,
    0.3833333333333333,
    0.4,
    0.4166666666666667,
    0.43333333333333335,
    0.45,
    0.4666666666666667,
    0.48333333333333334,
    0.5
  ],
  "cuts_list": [
    0,
    0,
    0,
    1,
    1,
    1,
    0,
    0,
    0,
    1,
    0,
    1,
    0,
    1,
    0,
    1,
    1,
    1,
    0,
    0
  ],
  "Energies": [
    0.8516483516483497,
    0.7994394563041144,
    0.7460697272555975,
    0.6924277234299131,
    0.6415702739058643,
    0.5950074006896486,
    0.5452275203926379,
    0.2107602980616713,
    0.3300148790399584,
    0.4513304848128177,
    0.5653955511089155,
    0.6652789364065563,
    0.7460900884712626,
    0.8048217534999401,
    0.8400260322111278,
    0.8515790896671025,
    0.8404894235211643,
    0.808700451019665,
    0.7589844195045875,
    0.7080469416832953,
    0.6598269308292851,
    0.6159530325844027,
    0.5771716552184516,
    0.5440707641504389,
    0.5169055850674568,
    0.49555387872348855,
    0.47955489211453234,
    0.46822874133798065,
    0.46081237764364974,
    0.45665240228848464,
    0.0018425006295915568
  ]
}