{
  "graph": 9,
  "eps": [
    0.0,
    0.016666666666666666,
    0.03333333333333333,
    0.05,
    0.06666666666666667,
    0.08333333333333333,
    0.1,
    0.11666666666666667,
    0.13333333333333333,
    0.15,
    0.16666666666666666,
    0.18333333333333332,
    0.2,
    0.21666666666666667,
    0.23333333333333334,
    0.25,
    0.26666666666666666,
    0.2833333333333333,
    0.3,
    0.31666666666666665,
    0.3333333333333333,
    0.35,
    0.36666666666666664,
    0.3833333333333333,
    0.4,
    0.4166666666666667,
    0.43333333333333335,
    0.45,
    0.4666666666666667,
    0.48333333333333334,
    0.5
  ],
  "cuts_list": [
    0,
    1,
    1,
    1,
    1,
    1,
    0,
    1,
    1,
    0,
    0,
    1,
    1,
    1,
    1,
    1,
    1,
    0,
    0,
    1
  ],
  "Energies": [
    0.9378531073446299,
    0.8816631481198078,
    0.8230937987477884,
    0.7626190246389609,
    0.7066882517982565,
    0.6544070859933385,
    0.6007486492301829,
    0.2321068996800927,
    0.3634362148604261,
    0.497020530489401,
    0.6226169555636824,
    0.7326269550150346,
    0.8215565512075299,
    0.8862396362832167,
    0.9249956858023761,
    0.9376621793561318,
    0.9255473506407167,
    0.8905053316256605,
    0.8356799431938554,
    0.7646188036190484,
    0.7065797113374994,
    0.6525407479744507,
    0.6064468465350367,
    0.5683132337764683,
    0.5377764123641293,
    0.5141995625258232,
    0.49677480715032774,
    0.4845124433900511,
    0.47649109059093603,
    0.4719929176138801,
    0.00044823806797030847
  ]
}