{
  "graph": 0,
  "eps": [
    0.0,
    0.016666666666666666,
    0.03333333333333333,
    0.05,
    0.06666666666666667,
    0.08333333333333333,
    0.1,
    0.11666666666666667,
    0.13333333333333333,
    0.15,
    0.16666666666666666,
    0.18333333333333332,
    0.2,
    0.21666666666666667,
    0.23333333333333334,
    0.25,
    0.26666666666666666,
    0.2833333333333333,
    0.3,
    0.31666666666666665,
    0.3333333333333333,
    0.35,
    0.36666666666666664,
    0.3833333333333333,
    0.4,
    0.4166666666666667,
    0.43333333333333335,
    0.45,
    0.4666666666666667,
    0.48333333333333334,
    0.5
  ],
  "cuts_list": [
    0,
    0,
    1,
    1,
    0,
    1,
    0,
    0,
    1,
    1,
    1,
    1,
    0,
    0,
    1,
    1,
    1,
    1,
    1,
    1
  ],
  "Energies": [
    0.9554455445544631,
    0.9068889673108478,
    0.8577008049972278,
    0.8084408011962488,
    0.759609822570309,
    0.7116665229630377,
    0.6118634775551858,
    0.23645572712216978,
    0.37024560109590493,
    0.5063174538100217,
    0.6343118000733597,
    0.7463433841875068,
    0.8370070215415194,
    0.9028009872588323,
    0.9422774866061578,
    0.9552100039195682,
    0.9428874572406302,
    0.9072187712216325,
    0.8513870416800973,
    0.778923404363084,
    0.7192287951380564,
    0.6603220761248813,
    0.6081705228094395,
    0.5634836164555617,
    0.5267162389787815,
    0.4978143941293538,
    0.47622391353538096,
    0.46101414824132514,
    0.4511094585430605,
    0.4455893044131066,
    0.0004481434067371518
  ]
}