{
  "graph": 1,
  "eps": [
    0.0,
    0.016666666666666666,
    0.03333333333333333,
    0.05,
    0.06666666666666667,
    0.08333333333333333,
    0.1,
    0.11666666666666667,
    0.13333333333333333,
    0.15,
    0.16666666666666666,
    0.18333333333333332,
    0.2,
    0.21666666666666667,
    0.23333333333333334,
    0.25,
    0.26666666666666666,
    0.2833333333333333,
    0.3,
    0.31666666666666665,
    0.3333333333333333,
    0.35,
    0.36666666666666664,
    0.3833333333333333,
    0.4,
    0.4166666666666667,
    0.43333333333333335,
    0.45,
    0.4666666666666667,
    0.48333333333333334,
    0.5
  ],
  "cuts_list": [
    0,
    0,
    0,
    1,
    1,
    0,
    1,
    0,
    0,
    1,
    0,
    0,
    0,
    1,
    1,
    0,
    0,
    1,
    0,
    1
  ],
  "Energies": [
    0.8803418803418792,
    0.8232119533964583,
    0.7681709305566973,
    0.7143597534184853,
    0.6659198341431475,
    0.7661413274587894,
    0.7438326314359547,
    0.21787335361068216,
    0.3411376466162731,
    0.4665540720482567,
    0.5844700824116524,
    0.68765114098358,
    0.7712475158005386,
    0.831904419674511,
    0.8682366200537515,
    0.8802916935524943,
    0.8688700358670101,
    0.8360011701654829,
    0.7844422693516263,
    0.7220868362841856,
    0.6665309693395031,
    0.6192098345037441,
    0.5800073980347944,
    0.5485226213843621,
    0.5240694947484982,
    0.505769794976595,
    0.49259146253351316,
    0.48353451901544126,
    0.4777289710237382,
    0.4745207059986078,
    0.0008408215311228353
  ]
}