{
  "graph": 8,
  "eps": [
    0.0,
    0.016666666666666666,
    0.03333333333333333,
    0.05,
    0.06666666666666667,
    0.08333333333333333,
    0.1,
    0.11666666666666667,
    0.13333333333333333,
    0.15,
    0.16666666666666666,
    0.18333333333333332,
    0.2,
    0.21666666666666667,
    0.23333333333333334,
    0.25,
    0.26666666666666666,
    0.2833333333333333,
    0.3,
    0.31666666666666665,
    0.3333333333333333,
    0.35,
    0.36666666666666664,
    0.3833333333333333,
    0.4,
    0.4166666666666667,
    0.43333333333333335,
    0.45,
    0.4666666666666667,
    0.48333333333333334,
    0.5
  ],
  "cuts_list": [
    0,
    0,
    1,
    0,
    0,
    0,
    1,
    1,
    0,
    0,
    1,
    1,
    0,
    0,
    0,
    1,
    1,
    0,
    1,
    1
  ],
  "Energies": [
    0.9184952978056483,
    0.8615820564498669,
    0.8037444427461806,
    0.7517415766548284,
    0.6952702554301206,
    0.6390580379049252,
    0.5884513750066652,
    0.2273163508470372,
    0.3559431328674852,
    0.48678566741287926,
    0.6097978635536571,
    0.7175002053973161,
    0.8046814915719036,
    0.8680096801254049,
    0.906007951322261,
    0.9184345238051349,
    0.9065297099494516,
    0.8721994370510683,
    0.8183963707070521,
    0.748788848282998,
    0.6900487386760076,
    0.6388351373302427,
    0.5970529594954479,
    0.5640410676586207,
    0.5388559870407994,
    0.5203547220513949,
    0.5073058940465577,
    0.4985240883471266,
    0.49302778828287586,
    0.4900287768387093,
    0.00239198423334653
  ]
}