{
  "graph": 8,
  "eps": [
    0.0,
    0.016666666666666666,
    0.03333333333333333,
    0.05,
    0.06666666666666667,
    0.08333333333333333,
    0.1,
    0.11666666666666667,
    0.13333333333333333,
    0.15,
    0.16666666666666666,
    0.18333333333333332,
    0.2,
    0.21666666666666667,
    0.23333333333333334,
    0.25,
    0.26666666666666666,
    0.2833333333333333,
    0.3,
    0.31666666666666665,
    0.3333333333333333,
    0.35,
    0.36666666666666664,
    0.3833333333333333,
    0.4,
    0.4166666666666667,
    0.43333333333333335,
    0.45,
    0.4666666666666667,
    0.48333333333333334,
    0.5
  ],
  "cuts_list": [
    0,
    0,
    0,
    0,
    0,
    0,
    1,
    1,
    0,
    0,
    1,
    1,
    0,
    0,
    0,
    1,
    0,
    0,
    1,
    1
  ],
  "Energies": [
    0.9184952978056407,
    0.8632265641473921,
    0.80617900534473,
    0.7496505146239587,
    0.6946622023271571,
    0.641648323332363,
    0.5911306008464589,
    0.22731569325216305,
    0.35593741910946064,
    0.48677760572309053,
    0.6097653327511455,
    0.7174950079755801,
    0.8046740617543953,
    0.8680277252844142,
    0.9059467258985032,
    0.9183895201395251,
    0.9064180908016425,
    0.8721176179488406,
    0.8184412455339429,
    0.7488260194535912,
    0.6956998106027145,
    0.6460189691302302,
    0.6045807095718241,
    0.5710182694114202,
    0.5447219252919854,
    0.5248561713347778,
    0.5103986946710906,
    0.5003641927057365,
    0.49387164464395783,
    0.49024785992903563,
    0.002391990208182219
  ]
}