{
  "graph": 7,
  "eps": [
    0.0,
    0.016666666666666666,
    0.03333333333333333,
    0.05,
    0.06666666666666667,
    0.08333333333333333,
    0.1,
    0.11666666666666667,
    0.13333333333333333,
    0.15,
    0.16666666666666666,
    0.18333333333333332,
    0.2,
    0.21666666666666667,
    0.23333333333333334,
    0.25,
    0.26666666666666666,
    0.2833333333333333,
    0.3,
    0.31666666666666665,
    0.3333333333333333,
    0.35,
    0.36666666666666664,
    0.3833333333333333,
    0.4,
    0.4166666666666667,
    0.43333333333333335,
    0.45,
    0.4666666666666667,
    0.48333333333333334,
    0.5
  ],
  "cuts_list": [
    0,
    1,
    1,
    1,
    1,
    1,
    0,
    1,
    0,
    0,
    0,
    0,
    1,
    0,
    0,
    0,
    1,
    1,
    1,
    0
  ],
  "Energies": [
    0.9999999999999953,
    0.940723667605209,
    0.8783696293629154,
    0.8104077862503445,
    0.7514331835054778,
    0.6974318720309203,
    0.6403056429378873,
    0.5879400845142684,
    0.38747209705881597,
    0.5299094349384641,
    0.6638916746427691,
    0.7810702225312346,
    0.8760471727126214,
    0.9450252286038551,
    0.9861144783838907,
    0.9999391161177186,
    0.986768187549245,
    0.9494949685827783,
    0.8910276148311114,
    0.8151405634479804,
    0.742161111833291,
    0.674442932035617,
    0.6141167097697942,
    0.5620440939038586,
    0.51876132108902,
    0.4843954585113518,
    0.4584932577127862,
    0.4401319522415479,
    0.42814966561353274,
    0.4214682253186871,
    0.00026994691243222875
  ]
}