{
  "graph": 5,
  "eps": [
    0.0,
    0.016666666666666666,
    0.03333333333333333,
    0.05,
    0.06666666666666667,
    0.08333333333333333,
    0.1,
    0.11666666666666667,
    0.13333333333333333,
    0.15,
    0.16666666666666666,
    0.18333333333333332,
    0.2,
    0.21666666666666667,
    0.23333333333333334,
    0.25,
    0.26666666666666666,
    0.2833333333333333,
    0.3,
    0.31666666666666665,
    0.3333333333333333,
    0.35,
    0.36666666666666664,
    0.3833333333333333,
    0.4,
    0.4166666666666667,
    0.43333333333333335,
    0.45,
    0.4666666666666667,
    0.48333333333333334,
    0.5
  ],
  "cuts_list": [
    0,
    1,
    0,
    0,
    0,
    0,
    0,
    1,
    0,
    1,
    1,
    0,
    0,
    1,
    0,
    1,
    1,
    0,
    1,
    1
  ],
  "Energies": [
    0.9243243243243178,
    0.8683181461831465,
    0.8100879927518648,
    0.755698872657771,
    0.7031502463719984,
    0.6524580644391835,
    0.6036390289105842,
    0.5567091195162694,
    0.3581972497687422,
    0.48986748124206647,
    0.6136694006979085,
    0.7220056968095078,
    0.8097831137174175,
    0.8734294053640784,
    0.9116161190356119,
    0.9241823353669829,
    0.9122722724745509,
    0.8777125887138695,
    0.8236094711722675,
    0.7535108719459994,
    0.6903284294723065,
    0.6326780930103878,
    0.5831691394589238,
    0.5422163270400217,
    0.5097125168855711,
    0.4851522643446833,
    0.46754852070641817,
    0.4556602029692353,
    0.44824249725739457,
    0.444246665181585,
    0.0002093870240378405
  ]
}