{
  "graph": 8,
  "eps": [
    0.0,
    0.016666666666666666,
    0.03333333333333333,
    0.05,
    0.06666666666666667,
    0.08333333333333333,
    0.1,
    0.11666666666666667,
    0.13333333333333333,
    0.15,
    0.16666666666666666,
    0.18333333333333332,
    0.2,
    0.21666666666666667,
    0.23333333333333334,
    0.25,
    0.26666666666666666,
    0.2833333333333333,
    0.3,
    0.31666666666666665,
    0.3333333333333333,
    0.35,
    0.36666666666666664,
    0.3833333333333333,
    0.4,
    0.4166666666666667,
    0.43333333333333335,
    0.45,
    0.4666666666666667,
    0.48333333333333334,
    0.5
  ],
  "cuts_list": [
    0,
    0,
    0,
    0,
    0,
    0,
    1,
    1,
    0,
    0,
    1,
    1,
    0,
    0,
    0,
    1,
    1,
    0,
    1,
    1
  ],
  "Energies": [
    1.0000000000000013,
    0.9739603136842713,
    0.9464391773148969,
    0.9179964241891221,
    0.7593827540902024,
    0.6956143111179541,
    0.6496035708927904,
    0.24748770594134295,
    0.3875283712746037,
    0.5299801643316757,
    0.6638994550656089,
    0.7811809321930866,
    0.8760462018879744,
    0.9450424442904366,
    0.9863168082676605,
    0.9999489853822681,
    0.9868426766307327,
    0.9496338121778184,
    0.8909941945298663,
    0.8151383391484017,
    0.7443749761096927,
    0.6829104030770847,
    0.6315603463445655,
    0.5899467182113843,
    0.5573595773486318,
    0.5327798560976452,
    0.514979658707123,
    0.5027171601227518,
    0.4948448610867864,
    0.49047800249163565,
    0.002391983637492955
  ]
}