{
  "graph": 0,
  "eps": [
    0.0,
    0.016666666666666666,
    0.03333333333333333,
    0.05,
    0.06666666666666667,
    0.08333333333333333,
    0.1,
    0.11666666666666667,
    0.13333333333333333,
    0.15,
    0.16666666666666666,
    0.18333333333333332,
    0.2,
    0.21666666666666667,
    0.23333333333333334,
    0.25,
    0.26666666666666666,
    0.2833333333333333,
    0.3,
    0.31666666666666665,
    0.3333333333333333,
    0.35,
    0.36666666666666664,
    0.3833333333333333,
    0.4,
    0.4166666666666667,
    0.43333333333333335,
    0.45,
    0.4666666666666667,
    0.48333333333333334,
    0.5
  ],
  "cuts_list": [
    0,
    1,
    0,
    0,
    1,
    0,
    1,
    1,
    0,
    0,
    0,
    0,
    1,
    1,
    0,
    0,
    0,
    0,
    0,
    0
  ],
  "Energies": [
    1.0000000000000033,
    0.9434850596417078,
    0.8876927515210485,
    0.8331726747130215,
    0.780333443794713,
    0.7294723534362749,
    0.680806652105475,
    0.6344981072723477,
    0.3875019285967617,
    0.5299751974475938,
    0.6638680315867769,
    0.7810525138563578,
    0.8759781279108599,
    0.9449684313323248,
    0.9862799920668052,
    0.9997965484846341,
    0.9868907160915058,
    0.9494989713984763,
    0.8910394335393018,
    0.8151489612540802,
    0.743792514679005,
    0.6784388996798182,
    0.6209970872844469,
    0.5722866769177266,
    0.5325115615430206,
    0.5014285751298013,
    0.4783134321732732,
    0.4620777568840903,
    0.4515502045977758,
    0.445689993070111,
    0.00044814067992110117
  ]
}