{
  "graph": 4,
  "eps": [
    0.0,
    0.016666666666666666,
    0.03333333333333333,
    0.05,
    0.06666666666666667,
    0.08333333333333333,
    0.1,
    0.11666666666666667,
    0.13333333333333333,
    0.15,
    0.16666666666666666,
    0.18333333333333332,
    0.2,
    0.21666666666666667,
    0.23333333333333334,
    0.25,
    0.26666666666666666,
    0.2833333333333333,
    0.3,
    0.31666666666666665,
    0.3333333333333333,
    0.35,
    0.36666666666666664,
    0.3833333333333333,
    0.4,
    0.4166666666666667,
    0.43333333333333335,
    0.45,
    0.4666666666666667,
    0.48333333333333334,
    0.5
  ],
  "cuts_list": [
    0,
    1,
    1,
    1,
    1,
    1,
    0,
    0,
    1,
    0,
    1,
    1,
    1,
    0,
    1,
    0,
    0,
    0,
    0,
    0
  ],
  "Energies": [
    0.8761061946902653,
    0.8206809033438335,
    0.7672269253479298,
    0.7157527585211193,
    0.666267561506343,
    0.61878122559359,
    0.5733045327049224,
    0.21682307473975473,
    0.3395030752836028,
    0.4643146012288097,
    0.5816378517115394,
    0.6843842820859728,
    0.7675173945799418,
    0.8279634780245282,
    0.8640871360581969,
    0.8760276886384359,
    0.8645947065790985,
    0.8319141411275632,
    0.7806775170620865,
    0.7142700010396161,
    0.6649635465936833,
    0.6182487562759492,
    0.5791603198146005,
    0.54739146471811,
    0.5223745213182169,
    0.5033442755429742,
    0.4893932347182788,
    0.4796367594430481,
    0.47327109749744817,
    0.4696996728593376,
    0.0007360939987391713
  ]
}