{
  "graph": 9,
  "eps": [
    0.0,
    0.016666666666666666,
    0.03333333333333333,
    0.05,
    0.06666666666666667,
    0.08333333333333333,
    0.1,
    0.11666666666666667,
    0.13333333333333333,
    0.15,
    0.16666666666666666,
    0.18333333333333332,
    0.2,
    0.21666666666666667,
    0.23333333333333334,
    0.25,
    0.26666666666666666,
    0.2833333333333333,
    0.3,
    0.31666666666666665,
    0.3333333333333333,
    0.35,
    0.36666666666666664,
    0.3833333333333333,
    0.4,
    0.4166666666666667,
    0.43333333333333335,
    0.45,
    0.4666666666666667,
    0.48333333333333334,
    0.5
  ],
  "cuts_list": [
    0,
    1,
    1,
    1,
    1,
    1,
    0,
    1,
    1,
    0,
    1,
    1,
    0,
    1,
    1,
    1,
    1,
    0,
    1,
    0
  ],
  "Energies": [
    0.9548022598870045,
    0.8959461426724871,
    0.8358852474594967,
    0.7768283211657757,
    0.7196833882006638,
    0.6652796832015087,
    0.6111386595915703,
    0.23629971693294913,
    0.3700016687438081,
    0.5059997208152188,
    0.6338879343510604,
    0.7458625888143855,
    0.83637477490004,
    0.9022673280285575,
    0.9417993237450719,
    0.9545466538326793,
    0.9423448595343529,
    0.906633552199828,
    0.8507810364832433,
    0.7784171044158142,
    0.7183275740699594,
    0.6622645853291694,
    0.6141927221093467,
    0.5741052523373478,
    0.5418440669625841,
    0.5168635407085092,
    0.49835398761560307,
    0.48531921073204815,
    0.4768282543213133,
    0.47207206127777307,
    0.0004482389735139943
  ]
}