{
  "graph": 9,
  "eps": [
    0.0,
    0.016666666666666666,
    0.03333333333333333,
    0.05,
    0.06666666666666667,
    0.08333333333333333,
    0.1,
    0.11666666666666667,
    0.13333333333333333,
    0.15,
    0.16666666666666666,
    0.18333333333333332,
    0.2,
    0.21666666666666667,
    0.23333333333333334,
    0.25,
    0.26666666666666666,
    0.2833333333333333,
    0.3,
    0.31666666666666665,
    0.3333333333333333,
    0.35,
    0.36666666666666664,
    0.3833333333333333,
    0.4,
    0.4166666666666667,
    0.43333333333333335,
    0.45,
    0.4666666666666667,
    0.48333333333333334,
    0.5
  ],
  "cuts_list": [
    0,
    0,
    0,
    0,
    0,
    0,
    1,
    0,
    0,
    1,
    1,
    0,
    0,
    0,
    0,
    0,
    0,
    1,
    1,
    1
  ],
  "Energies": [
    0.9491525423728793,
    0.8938438768003024,
    0.8349225801647733,
    0.7755019529567974,
    0.7184231387134782,
    0.6631164463152162,
    0.610212672888608,
    0.23489975125787502,
    0.3678204626094204,
    0.5030308085386223,
    0.6301440974561929,
    0.7414134334437686,
    0.8315294618688357,
    0.8969960321184306,
    0.9362238787331301,
    0.9490334822047203,
    0.936691192753064,
    0.9013100360852611,
    0.8457268115309939,
    0.7737733753375761,
    0.7115097959979125,
    0.6553449830727436,
    0.607809506575743,
    0.5687326874071597,
    0.5376831400319789,
    0.5139184273831593,
    0.49646870043839036,
    0.48428097043717444,
    0.4763698593777567,
    0.47195330731272045,
    0.00044823641757673515
  ]
}