{
  "graph": 5,
  "eps": [
    0.0,
    0.016666666666666666,
    0.03333333333333333,
    0.05,
    0.06666666666666667,
    0.08333333333333333,
    0.1,
    0.11666666666666667,
    0.13333333333333333,
    0.15,
    0.16666666666666666,
    0.18333333333333332,
    0.2,
    0.21666666666666667,
    0.23333333333333334,
    0.25,
    0.26666666666666666,
    0.2833333333333333,
    0.3,
    0.31666666666666665,
    0.3333333333333333,
    0.35,
    0.36666666666666664,
    0.3833333333333333,
    0.4,
    0.4166666666666667,
    0.43333333333333335,
    0.45,
    0.4666666666666667,
    0.48333333333333334,
    0.5
  ],
  "cuts_list": [
    0,
    1,
    0,
    0,
    0,
    0,
    0,
    1,
    0,
    1,
    1,
    0,
    0,
    1,
    0,
    1,
    1,
    1,
    1,
    1
  ],
  "Energies": [
    0.9675675675675663,
    0.9099086728025612,
    0.8436927605670631,
    0.7926892714615689,
    0.7381815932010076,
    0.6855815361198883,
    0.6349010940826089,
    0.5861526739088176,
    0.37494628238737876,
    0.5127841657826177,
    0.6423590382605358,
    0.7558106390290373,
    0.8476577374921774,
    0.91435935479583,
    0.9543813743071738,
    0.9674532156374327,
    0.9548514342766552,
    0.9187830148739322,
    0.8621009695099086,
    0.7886810893441966,
    0.7168478959631349,
    0.6530832085699791,
    0.598466546453229,
    0.5532925834648845,
    0.51744176220927,
    0.4902478684207633,
    0.47065291901913375,
    0.4573384248047455,
    0.4489644693736415,
    0.4444245477656627,
    0.00020938707249028296
  ]
}