{
  "graph": 4,
  "eps": [
    0.0,
    0.016666666666666666,
    0.03333333333333333,
    0.05,
    0.06666666666666667,
    0.08333333333333333,
    0.1,
    0.11666666666666667,
    0.13333333333333333,
    0.15,
    0.16666666666666666,
    0.18333333333333332,
    0.2,
    0.21666666666666667,
    0.23333333333333334,
    0.25,
    0.26666666666666666,
    0.2833333333333333,
    0.3,
    0.31666666666666665,
    0.3333333333333333,
    0.35,
    0.36666666666666664,
    0.3833333333333333,
    0.4,
    0.4166666666666667,
    0.43333333333333335,
    0.45,
    0.4666666666666667,
    0.48333333333333334,
    0.5
  ],
  "cuts_list": [
    0,
    0,
    0,
    0,
    0,
    0,
    1,
    0,
    0,
    1,
    1,
    1,
    0,
    1,
    0,
    1,
    1,
    1,
    1,
    1
  ],
  "Energies": [
    0.923303834808264,
    0.8665678113444916,
    0.8065868652011393,
    0.7515484624791915,
    0.6948303694961948,
    0.6421932819794185,
    0.5913648987527365,
    0.2285021617702924,
    0.3578016680863803,
    0.48930936805869957,
    0.6129751249405231,
    0.7212600572198093,
    0.8088407794134358,
    0.8725643115557907,
    0.9106443517044095,
    0.9232166985590227,
    0.9111903022719777,
    0.8766816267024591,
    0.8227184879871877,
    0.7527290386649785,
    0.6950090629758883,
    0.6414756424153915,
    0.5960275957534936,
    0.5587445030592576,
    0.529362577541011,
    0.5071829104057366,
    0.491231828675781,
    0.48036323254709457,
    0.47348271216574067,
    0.46973513443173276,
    0.0007360955048168212
  ]
}