{
  "graph": 5,
  "eps": [
    0.0,
    0.016666666666666666,
    0.03333333333333333,
    0.05,
    0.06666666666666667,
    0.08333333333333333,
    0.1,
    0.11666666666666667,
    0.13333333333333333,
    0.15,
    0.16666666666666666,
    0.18333333333333332,
    0.2,
    0.21666666666666667,
    0.23333333333333334,
    0.25,
    0.26666666666666666,
    0.2833333333333333,
    0.3,
    0.31666666666666665,
    0.3333333333333333,
    0.35,
    0.36666666666666664,
    0.3833333333333333,
    0.4,
    0.4166666666666667,
    0.43333333333333335,
    0.45,
    0.4666666666666667,
    0.48333333333333334,
    0.5
  ],
  "cuts_list": [
    0,
    1,
    1,
    1,
    1,
    1,
    1,
    1,
    1,
    0,
    0,
    1,
    1,
    0,
    1,
    0,
    1,
    1,
    0,
    0
  ],
  "Energies": [
    0.9351351351351388,
    0.8760815926739726,
    0.8177152366945498,
    0.7595139455673079,
    0.7038639831479178,
    0.6499801901783575,
    0.5991986712547046,
    0.5499331078094473,
    0.3623820927444815,
    0.49558945200418253,
    0.6207987284009363,
    0.7304377981101932,
    0.8191734164880689,
    0.883758536228927,
    0.9223977389620001,
    0.9350425358116426,
    0.9228066986780671,
    0.8879490720311924,
    0.8332461643088782,
    0.762339683092018,
    0.7000848563806104,
    0.6428396454277131,
    0.593333549669148,
    0.5517965848259571,
    0.5181394474849015,
    0.491934258604622,
    0.4724164414125811,
    0.45864112830076625,
    0.4496456357792572,
    0.44460972887891415,
    0.00020939047418926888
  ]
}