{
  "graph": 9,
  "eps": [
    0.0,
    0.016666666666666666,
    0.03333333333333333,
    0.05,
    0.06666666666666667,
    0.08333333333333333,
    0.1,
    0.11666666666666667,
    0.13333333333333333,
    0.15,
    0.16666666666666666,
    0.18333333333333332,
    0.2,
    0.21666666666666667,
    0.23333333333333334,
    0.25,
    0.26666666666666666,
    0.2833333333333333,
    0.3,
    0.31666666666666665,
    0.3333333333333333,
    0.35,
    0.36666666666666664,
    0.3833333333333333,
    0.4,
    0.4166666666666667,
    0.43333333333333335,
    0.45,
    0.4666666666666667,
    0.48333333333333334,
    0.5
  ],
  "cuts_list": [
    0,
    1,
    1,
    1,
    1,
    1,
    0,
    1,
    1,
    0,
    1,
    1,
    0,
    0,
    1,
    1,
    1,
    0,
    1,
    0
  ],
  "Energies": [
    0.9999999999999946,
    0.9650695793460542,
    0.8751615135004102,
    0.8117059826126217,
    0.7525389617321793,
    0.6970684356771618,
    0.6404593755175266,
    0.24748143381402865,
    0.38751941199916046,
    0.5299211495098125,
    0.6638430048870979,
    0.7811618833015759,
    0.8760375144243248,
    0.9450375248550672,
    0.9863563118254316,
    0.99993913755928,
    0.9868161415529231,
    0.9494771317855211,
    0.8910202781254949,
    0.8152027610717403,
    0.7462849223449415,
    0.6843200821028815,
    0.6310738021937671,
    0.5866377581647156,
    0.5507665176413041,
    0.5228631506804523,
    0.5020773664676008,
    0.4873678092724226,
    0.47772065464535873,
    0.4722932916577611,
    0.00044823607831607977
  ]
}