{
  "graph": 6,
  "eps": [
    0.0,
    0.016666666666666666,
    0.03333333333333333,
    0.05,
    0.06666666666666667,
    0.08333333333333333,
    0.1,
    0.11666666666666667,
    0.13333333333333333,
    0.15,
    0.16666666666666666,
    0.18333333333333332,
    0.2,
    0.21666666666666667,
    0.23333333333333334,
    0.25,
    0.26666666666666666,
    0.2833333333333333,
    0.3,
    0.31666666666666665,
    0.3333333333333333,
    0.35,
    0.36666666666666664,
    0.3833333333333333,
    0.4,
    0.4166666666666667,
    0.43333333333333335,
    0.45,
    0.4666666666666667,
    0.48333333333333334,
    0.5
  ],
  "cuts_list": [
    0,
    0,
    1,
    1,
    1,
    1,
    0,
    0,
    1,
    1,
    0,
    1,
    0,
    0,
    1,
    0,
    1,
    1,
    0,
    0
  ],
  "Energies": [
    0.9147869674185428,
    0.8608943794212508,
    0.8035950604352813,
    0.7465141445285359,
    0.688589083424504,
    0.636690380727309,
    0.5862084847033775,
    0.5378004690344277,
    0.35448767714431423,
    0.4848132266299827,
    0.6073266594814344,
    0.7145982239121889,
    0.8014290825362974,
    0.864513359489761,
    0.9021229089295518,
    0.9146202818840627,
    0.9027051389056007,
    0.8686458506023608,
    0.8151160555431778,
    0.7457428526698027,
    0.6819580007062728,
    0.6217463966450225,
    0.568129152214254,
    0.5217468245728196,
    0.48306954912239325,
    0.4521716437164863,
    0.42870527183488466,
    0.41189899753734455,
    0.4008288978566463,
    0.3945959073267997,
    0.00031767581257087496
  ]
}