{
  "graph": 4,
  "eps": [
    0.0,
    0.016666666666666666,
    0.03333333333333333,
    0.05,
    0.06666666666666667,
    0.08333333333333333,
    0.1,
    0.11666666666666667,
    0.13333333333333333,
    0.15,
    0.16666666666666666,
    0.18333333333333332,
    0.2,
    0.21666666666666667,
    0.23333333333333334,
    0.25,
    0.26666666666666666,
    0.2833333333333333,
    0.3,
    0.31666666666666665,
    0.3333333333333333,
    0.35,
    0.36666666666666664,
    0.3833333333333333,
    0.4,
    0.4166666666666667,
    0.43333333333333335,
    0.45,
    0.4666666666666667,
    0.48333333333333334,
    0.5
  ],
  "cuts_list": [
    0,
    0,
    0,
    0,
    0,
    1,
    1,
    0,
    0,
    1,
    1,
    1,
    0,
    1,
    0,
    1,
    1,
    1,
    1,
    1
  ],
  "Energies": [
    0.9999999999999987,
    0.9376886505883792,
    0.8791350197633825,
    0.8144653721206419,
    0.762040636275195,
    0.7069586308478043,
    0.6539149564084195,
    0.24748721581352326,
    0.38751768822368415,
    0.5299625886248339,
    0.6638925844924345,
    0.7811811510263321,
    0.8760802873493247,
    0.945047216677773,
    0.9863753823962582,
    0.9999681765045114,
    0.9868570378700843,
    0.9496201227669168,
    0.8909844520981491,
    0.8151008641998253,
    0.7396351579921829,
    0.6740792082859434,
    0.618923469063845,
    0.5740659673575249,
    0.5390408388187137,
    0.5129187230506107,
    0.4943493598106713,
    0.48185998611790254,
    0.47407774621764887,
    0.46986980430543374,
    0.0007360891504456355
  ]
}