{
  "depth": 5,
  "iteration": 4,
  "prob": 0.045499,
  "ener_norm": -6.0174485,
  "E_mc": -27
}