{
  "depth": 1,
  "iteration": 28,
  "prob": 0.025502999999999998,
  "ener_norm": -4.7469225,
  "E_mc": -27
}