{
  "depth": 5,
  "iteration": 17,
  "prob": 0.057877,
  "ener_norm": -4.748018500000001,
  "E_mc": -27
}