{
  "depth": 1,
  "iteration": 26,
  "prob": 0.008801999999999999,
  "ener_norm": -0.7213465000000002,
  "E_mc": -27
}