{
  "depth": 6,
  "iteration": 4,
  "prob": 0.039497000000000004,
  "ener_norm": -9.5128185,
  "E_mc": -27
}