{
  "depth": 5,
  "iteration": 18,
  "prob": 0.120749,
  "ener_norm": -6.4068625,
  "E_mc": -27
}