{
  "depth": 1,
  "iteration": 19,
  "prob": 0.049388,
  "ener_norm": -3.8847995000000006,
  "E_mc": -27
}