{
  "depth": 5,
  "iteration": 9,
  "prob": 0.005551,
  "ener_norm": -5.646631999999999,
  "E_mc": -27
}