{
  "depth": 1,
  "iteration": 10,
  "prob": 0.025796999999999997,
  "ener_norm": -4.741190500000001,
  "E_mc": -27
}