{
  "depth": 4,
  "iteration": 12,
  "prob": 0.09210099999999999,
  "ener_norm": -5.706397999999999,
  "E_mc": -27
}