{
  "depth": 6,
  "iteration": 21,
  "prob": 0.153529,
  "ener_norm": -6.3014725,
  "E_mc": -27
}