{
  "depth": 4,
  "iteration": 6,
  "prob": 0.047602,
  "ener_norm": -5.943067000000002,
  "E_mc": -27
}