{
  "depth": 6,
  "iteration": 11,
  "prob": 0.22148099999999998,
  "ener_norm": -12.6889425,
  "E_mc": -27
}