{
  "depth": 4,
  "iteration": 22,
  "prob": 0.112352,
  "ener_norm": -5.370299,
  "E_mc": -27
}