{
  "depth": 6,
  "iteration": 29,
  "prob": 0.129899,
  "ener_norm": -5.700383,
  "E_mc": -27
}