{
  "depth": 3,
  "iteration": 11,
  "prob": 0.586759,
  "ener_norm": -15.9133085,
  "E_mc": -27
}