{
  "depth": 5,
  "iteration": 24,
  "prob": 0.015402,
  "ener_norm": -2.3110035,
  "E_mc": -27
}