{
  "depth": 5,
  "iteration": 23,
  "prob": 0.078004,
  "ener_norm": -4.356735999999999,
  "E_mc": -27
}