{
  "depth": 2,
  "iteration": 4,
  "prob": 0.122749,
  "ener_norm": -10.915176500000001,
  "E_mc": -27
}