{
  "depth": 3,
  "iteration": 5,
  "prob": 0.10778499999999999,
  "ener_norm": -10.519516,
  "E_mc": -27
}