{
  "depth": 6,
  "iteration": 24,
  "prob": 0.012691,
  "ener_norm": -6.3536065000000015,
  "E_mc": -27
}