{
  "depth": 5,
  "iteration": 11,
  "prob": 0.014832,
  "ener_norm": -5.9981935,
  "E_mc": -27
}