{
  "depth": 4,
  "iteration": 7,
  "prob": 0.101087,
  "ener_norm": -10.544130999999998,
  "E_mc": -27
}