{
  "depth": 6,
  "iteration": 3,
  "prob": 0.593564,
  "ener_norm": -15.291502499999998,
  "E_mc": -27
}