{
  "depth": 1,
  "iteration": 0,
  "prob": 0.016246999999999998,
  "ener_norm": -0.6359810000000001,
  "E_mc": -27
}