{
  "depth": 6,
  "iteration": 1,
  "prob": 0.049956,
  "ener_norm": -4.234417499999999,
  "E_mc": -27
}