{
  "depth": 3,
  "iteration": 25,
  "prob": 0.023205000000000003,
  "ener_norm": -4.5736925,
  "E_mc": -27
}