{
  "depth": 2,
  "iteration": 16,
  "prob": 0.047478,
  "ener_norm": -4.8796800000000005,
  "E_mc": -27
}