{
  "depth": 5,
  "iteration": 8,
  "prob": 0.011703000000000002,
  "ener_norm": -5.192285999999999,
  "E_mc": -27
}