{
  "depth": 6,
  "iteration": 0,
  "prob": 0.384575,
  "ener_norm": -14.1395605,
  "E_mc": -27
}