{
  "depth": 1,
  "iteration": 22,
  "prob": 0.005936,
  "ener_norm": -4.3829145,
  "E_mc": -27
}