{
  "depth": 4,
  "iteration": 14,
  "prob": 0.026529,
  "ener_norm": -5.7070805,
  "E_mc": -27
}