{
  "depth": 6,
  "iteration": 13,
  "prob": 0.080216,
  "ener_norm": -6.786529499999999,
  "E_mc": -27
}