{
  "depth": 5,
  "iteration": 20,
  "prob": 0.037969,
  "ener_norm": -5.961535499999999,
  "E_mc": -27
}