{
  "depth": 2,
  "iteration": 5,
  "prob": 0.079481,
  "ener_norm": -10.127026999999998,
  "E_mc": -27
}