{
  "depth": 1,
  "iteration": 12,
  "prob": 0.034483,
  "ener_norm": -3.7317145000000003,
  "E_mc": -27
}