{
  "depth": 4,
  "iteration": 2,
  "prob": 0.016302,
  "ener_norm": -8.2993825,
  "E_mc": -27
}