{
  "depth": 6,
  "iteration": 28,
  "prob": 0.038972,
  "ener_norm": -5.826477000000001,
  "E_mc": -27
}