{
  "depth": 4,
  "iteration": 18,
  "prob": 0.048271,
  "ener_norm": -6.089004,
  "E_mc": -27
}