{
  "depth": 5,
  "iteration": 25,
  "prob": 0.013076,
  "ener_norm": -6.005350999999999,
  "E_mc": -27
}