{
  "depth": 6,
  "iteration": 12,
  "prob": 0.22719999999999999,
  "ener_norm": -12.934930499999998,
  "E_mc": -27
}