{
  "depth": 1,
  "iteration": 21,
  "prob": 0.039650000000000005,
  "ener_norm": -5.285978499999998,
  "E_mc": -27
}