{
  "depth": 3,
  "iteration": 18,
  "prob": 0.070587,
  "ener_norm": -4.6895595000000005,
  "E_mc": -27
}