{
  "depth": 2,
  "iteration": 21,
  "prob": 0.016489,
  "ener_norm": -1.5550785,
  "E_mc": -27
}