{
  "depth": 4,
  "iteration": 1,
  "prob": 0.038746,
  "ener_norm": -3.8417989999999995,
  "E_mc": -27
}