{
  "depth": 4,
  "iteration": 29,
  "prob": 0.124702,
  "ener_norm": -5.609425999999999,
  "E_mc": -27
}