{
  "depth": 6,
  "iteration": 19,
  "prob": 0.103996,
  "ener_norm": -11.041794,
  "E_mc": -27
}