{
  "depth": 1,
  "iteration": 6,
  "prob": 0.032249,
  "ener_norm": -4.393508000000001,
  "E_mc": -27
}