{
  "depth": 3,
  "iteration": 22,
  "prob": 0.055816,
  "ener_norm": -3.8846574999999994,
  "E_mc": -27
}