{
  "depth": 1,
  "iteration": 3,
  "prob": 0.031862,
  "ener_norm": -4.395553499999999,
  "E_mc": -27
}