{
  "depth": 6,
  "iteration": 26,
  "prob": 0.114975,
  "ener_norm": -6.653604,
  "E_mc": -27
}