{
  "depth": 4,
  "iteration": 23,
  "prob": 0.047094,
  "ener_norm": -4.0551625,
  "E_mc": -27
}