{
  "depth": 5,
  "iteration": 13,
  "prob": 0.04687,
  "ener_norm": -3.2616245,
  "E_mc": -27
}