{
  "depth": 3,
  "iteration": 21,
  "prob": 0.025894,
  "ener_norm": -4.975645,
  "E_mc": -27
}