{
  "depth": 6,
  "iteration": 16,
  "prob": 0.019566,
  "ener_norm": -6.484602500000001,
  "E_mc": -27
}