{
  "depth": 1,
  "iteration": 2,
  "prob": 0.043068,
  "ener_norm": 0.5181034999999999,
  "E_mc": -27
}