{
  "depth": 5,
  "iteration": 26,
  "prob": 0.081676,
  "ener_norm": -13.117656500000004,
  "E_mc": -27
}