{
  "depth": 2,
  "iteration": 7,
  "prob": 0.044615,
  "ener_norm": -5.435618000000001,
  "E_mc": -27
}