{
  "depth": 2,
  "iteration": 12,
  "prob": 0.029567,
  "ener_norm": -3.366488000000001,
  "E_mc": -27
}