{
  "depth": 2,
  "iteration": 3,
  "prob": 0.037674,
  "ener_norm": -5.054760999999999,
  "E_mc": -27
}