{
  "depth": 1,
  "iteration": 29,
  "prob": 0.030515,
  "ener_norm": -4.383169999999999,
  "E_mc": -27
}