{
  "depth": 2,
  "iteration": 13,
  "prob": 0.022249,
  "ener_norm": -8.060644499999999,
  "E_mc": -27
}