{
  "depth": 3,
  "iteration": 17,
  "prob": 0.030329,
  "ener_norm": -3.0842369999999995,
  "E_mc": -27
}