{
  "depth": 3,
  "iteration": 16,
  "prob": 0.024429,
  "ener_norm": -4.094630499999999,
  "E_mc": -27
}