{
  "depth": 6,
  "iteration": 22,
  "prob": 0.018751,
  "ener_norm": -5.448114499999999,
  "E_mc": -27
}