{
  "depth": 4,
  "iteration": 24,
  "prob": 0.040224,
  "ener_norm": -5.5005239999999995,
  "E_mc": -27
}