{
  "depth": 5,
  "iteration": 12,
  "prob": 0.104765,
  "ener_norm": -5.159244999999999,
  "E_mc": -27
}