{
  "depth": 3,
  "iteration": 26,
  "prob": 0.066509,
  "ener_norm": -4.705743999999999,
  "E_mc": -27
}