{
  "depth": 5,
  "iteration": 27,
  "prob": 0.012505,
  "ener_norm": -4.892353,
  "E_mc": -27
}