{
  "depth": 5,
  "iteration": 6,
  "prob": 0.058206,
  "ener_norm": -4.698398000000001,
  "E_mc": -27
}