{
  "depth": 1,
  "iteration": 23,
  "prob": 0.027348,
  "ener_norm": -4.019510500000001,
  "E_mc": -27
}