{
  "depth": 6,
  "iteration": 2,
  "prob": 0.099091,
  "ener_norm": -6.140521000000001,
  "E_mc": -27
}