{
  "depth": 2,
  "iteration": 24,
  "prob": 0.019952,
  "ener_norm": -0.817682,
  "E_mc": -27
}