{
  "depth": 3,
  "iteration": 7,
  "prob": 0.025547,
  "ener_norm": -3.6193969999999998,
  "E_mc": -27
}