{
  "depth": 2,
  "iteration": 17,
  "prob": 0.024303,
  "ener_norm": -4.692201499999999,
  "E_mc": -27
}