{
  "depth": 1,
  "iteration": 18,
  "prob": 0.031553,
  "ener_norm": -4.410961,
  "E_mc": -27
}