{
  "depth": 3,
  "iteration": 28,
  "prob": 0.027193000000000002,
  "ener_norm": -2.2953594999999996,
  "E_mc": -27
}