{
  "depth": 4,
  "iteration": 16,
  "prob": 0.439239,
  "ener_norm": -14.829645500000002,
  "E_mc": -27
}