{
  "depth": 1,
  "iteration": 24,
  "prob": 0.049673,
  "ener_norm": -1.0665235,
  "E_mc": -27
}