{
  "depth": 2,
  "iteration": 19,
  "prob": 0.022889,
  "ener_norm": -4.1153435,
  "E_mc": -27
}