{
  "depth": 5,
  "iteration": 16,
  "prob": 0.025619000000000003,
  "ener_norm": -7.9763655,
  "E_mc": -27
}