{
  "depth": 4,
  "iteration": 20,
  "prob": 0.135903,
  "ener_norm": -7.229250999999999,
  "E_mc": -27
}