{
  "depth": 1,
  "iteration": 16,
  "prob": 0.016467000000000002,
  "ener_norm": -0.625542,
  "E_mc": -27
}