{
  "depth": 6,
  "iteration": 18,
  "prob": 0.016218,
  "ener_norm": -3.9851394999999994,
  "E_mc": -27
}