{
  "depth": 4,
  "iteration": 25,
  "prob": 0.047454,
  "ener_norm": -4.775489500000001,
  "E_mc": -27
}