{
  "depth": 5,
  "iteration": 2,
  "prob": 0.031292,
  "ener_norm": -4.842990500000001,
  "E_mc": -27
}