{
  "depth": 5,
  "iteration": 21,
  "prob": 0.074763,
  "ener_norm": -7.7839564999999995,
  "E_mc": -27
}