{
  "depth": 4,
  "iteration": 26,
  "prob": 0.029225,
  "ener_norm": -3.0087775,
  "E_mc": -27
}