{
  "depth": 5,
  "iteration": 28,
  "prob": 0.106882,
  "ener_norm": -5.008324999999998,
  "E_mc": -27
}