{
  "depth": 2,
  "iteration": 25,
  "prob": 0.48657,
  "ener_norm": -11.387573500000002,
  "E_mc": -27
}