{
  "depth": 3,
  "iteration": 14,
  "prob": 0.152453,
  "ener_norm": -5.9274735,
  "E_mc": -27
}