{
  "depth": 1,
  "iteration": 9,
  "prob": 0.092783,
  "ener_norm": -10.333259,
  "E_mc": -27
}