{
  "depth": 3,
  "iteration": 8,
  "prob": 0.042877,
  "ener_norm": -5.546264000000001,
  "E_mc": -27
}