{
  "depth": 4,
  "iteration": 17,
  "prob": 0.09002399999999999,
  "ener_norm": -4.7482365,
  "E_mc": -27
}