{
  "depth": 2,
  "iteration": 20,
  "prob": 0.038947,
  "ener_norm": -3.479314,
  "E_mc": -27
}