{
  "depth": 5,
  "iteration": 7,
  "prob": 0.037219,
  "ener_norm": -5.322342999999999,
  "E_mc": -27
}