{
  "depth": 6,
  "iteration": 27,
  "prob": 0.031566000000000004,
  "ener_norm": -5.6882005,
  "E_mc": -27
}