{
  "depth": 2,
  "iteration": 18,
  "prob": 0.10291900000000001,
  "ener_norm": -4.089316999999999,
  "E_mc": -27
}