{
  "depth": 4,
  "iteration": 10,
  "prob": 0.172073,
  "ener_norm": -5.613157,
  "E_mc": -27
}