{
  "depth": 2,
  "iteration": 29,
  "prob": 0.02475,
  "ener_norm": -3.6957775000000006,
  "E_mc": -27
}