{
  "depth": 4,
  "iteration": 15,
  "prob": 0.058532999999999995,
  "ener_norm": -6.316324,
  "E_mc": -27
}