{
  "depth": 3,
  "iteration": 13,
  "prob": 0.526134,
  "ener_norm": -15.690826000000001,
  "E_mc": -27
}