{
  "depth": 3,
  "iteration": 15,
  "prob": 0.056843,
  "ener_norm": -3.097263,
  "E_mc": -27
}