{
  "depth": 2,
  "iteration": 27,
  "prob": 0.086838,
  "ener_norm": -4.9339245,
  "E_mc": -27
}