{
  "depth": 2,
  "iteration": 8,
  "prob": 0.012946,
  "ener_norm": -2.7191300000000003,
  "E_mc": -27
}