{
  "depth": 5,
  "iteration": 15,
  "prob": 0.059982999999999995,
  "ener_norm": -6.561047499999999,
  "E_mc": -27
}