{
  "depth": 2,
  "iteration": 11,
  "prob": 0.02389,
  "ener_norm": -0.42615949999999986,
  "E_mc": -27
}