{
  "depth": 1,
  "iteration": 15,
  "prob": 0.017012,
  "ener_norm": -4.0270155,
  "E_mc": -27
}