{
  "depth": 2,
  "iteration": 9,
  "prob": 0.027449,
  "ener_norm": -3.3206879999999996,
  "E_mc": -27
}