{
  "depth": 4,
  "iteration": 3,
  "prob": 0.101894,
  "ener_norm": -4.699800000000001,
  "E_mc": -27
}