{
  "depth": 6,
  "iteration": 8,
  "prob": 0.025891,
  "ener_norm": -4.8060115,
  "E_mc": -27
}