{
  "depth": 1,
  "iteration": 13,
  "prob": 0.015941999999999998,
  "ener_norm": -0.638727,
  "E_mc": -27
}