{
  "depth": 3,
  "iteration": 2,
  "prob": 0.097481,
  "ener_norm": -4.101554500000001,
  "E_mc": -27
}