{
  "depth": 1,
  "iteration": 27,
  "prob": 0.016197,
  "ener_norm": -3.5399760000000002,
  "E_mc": -27
}