{
  "depth": 3,
  "iteration": 0,
  "prob": 0.072019,
  "ener_norm": -4.5195065,
  "E_mc": -27
}