{
  "depth": 2,
  "iteration": 22,
  "prob": 0.022774000000000003,
  "ener_norm": -1.4101770000000002,
  "E_mc": -27
}