{
  "depth": 3,
  "iteration": 23,
  "prob": 0.102379,
  "ener_norm": -4.6871345,
  "E_mc": -27
}