{
  "depth": 5,
  "iteration": 29,
  "prob": 0.165927,
  "ener_norm": -5.6385575,
  "E_mc": -27
}