{
  "depth": 1,
  "iteration": 20,
  "prob": 0.038820999999999994,
  "ener_norm": -3.4749369999999997,
  "E_mc": -27
}