{
  "depth": 2,
  "iteration": 28,
  "prob": 0.021227,
  "ener_norm": -3.2396804999999995,
  "E_mc": -27
}