{
  "depth": 1,
  "iteration": 11,
  "prob": 0.035295,
  "ener_norm": -2.7119635,
  "E_mc": -27
}