{
  "depth": 3,
  "iteration": 6,
  "prob": 0.013083,
  "ener_norm": -6.639291500000001,
  "E_mc": -27
}