{
  "depth": 6,
  "iteration": 17,
  "prob": 0.065298,
  "ener_norm": -10.9278145,
  "E_mc": -27
}