{
  "depth": 3,
  "iteration": 29,
  "prob": 0.049193,
  "ener_norm": -8.482607000000002,
  "E_mc": -27
}