{
  "depth": 2,
  "iteration": 14,
  "prob": 0.053165000000000004,
  "ener_norm": -4.922526999999999,
  "E_mc": -27
}