{
  "depth": 4,
  "iteration": 0,
  "prob": 0.04847,
  "ener_norm": -5.988474500000001,
  "E_mc": -27
}