{
  "depth": 3,
  "iteration": 20,
  "prob": 0.145089,
  "ener_norm": -6.605379,
  "E_mc": -27
}