{
  "depth": 5,
  "iteration": 10,
  "prob": 0.042807,
  "ener_norm": -5.394551,
  "E_mc": -27
}