{
  "depth": 3,
  "iteration": 12,
  "prob": 0.126058,
  "ener_norm": -4.411930000000001,
  "E_mc": -27
}