{
  "depth": 4,
  "iteration": 21,
  "prob": 0.090851,
  "ener_norm": -5.927519000000001,
  "E_mc": -27
}