{
  "depth": 3,
  "iteration": 24,
  "prob": 0.014719,
  "ener_norm": -4.696779499999999,
  "E_mc": -27
}