{
  "depth": 4,
  "iteration": 27,
  "prob": 0.175553,
  "ener_norm": -4.177846,
  "E_mc": -27
}