{
  "depth": 3,
  "iteration": 27,
  "prob": 0.021110999999999998,
  "ener_norm": -4.449015,
  "E_mc": -27
}