{
  "depth": 6,
  "iteration": 10,
  "prob": 0.105486,
  "ener_norm": -5.5760845,
  "E_mc": -27
}