{
  "depth": 3,
  "iteration": 10,
  "prob": 0.028237,
  "ener_norm": -6.732723999999999,
  "E_mc": -27
}