{
  "depth": 2,
  "iteration": 6,
  "prob": 0.025597,
  "ener_norm": -4.695898499999999,
  "E_mc": -27
}