{
  "depth": 3,
  "iteration": 19,
  "prob": 0.13758,
  "ener_norm": -4.111807999999999,
  "E_mc": -27
}