{
  "depth": 5,
  "iteration": 0,
  "prob": 0.048573,
  "ener_norm": -5.562393500000001,
  "E_mc": -27
}