{
  "depth": 6,
  "iteration": 20,
  "prob": 0.204282,
  "ener_norm": -5.774536500000001,
  "E_mc": -27
}