{
  "depth": 6,
  "iteration": 14,
  "prob": 0.070055,
  "ener_norm": -4.548765500000001,
  "E_mc": -27
}