{
  "depth": 5,
  "iteration": 22,
  "prob": 0.206843,
  "ener_norm": -6.259802499999999,
  "E_mc": -27
}