{
  "depth": 5,
  "iteration": 3,
  "prob": 0.100387,
  "ener_norm": -5.525430500000001,
  "E_mc": -27
}