{
  "depth": 5,
  "iteration": 19,
  "prob": 0.7380049999999999,
  "ener_norm": -15.7623885,
  "E_mc": -27
}