{
  "depth": 5,
  "iteration": 1,
  "prob": 0.021935,
  "ener_norm": -5.0574924999999995,
  "E_mc": -27
}