{
  "depth": 2,
  "iteration": 26,
  "prob": 0.036909,
  "ener_norm": -0.7864040000000001,
  "E_mc": -27
}