{
  "depth": 1,
  "iteration": 4,
  "prob": 0.559365,
  "ener_norm": -15.916293,
  "E_mc": -27
}