{
  "depth": 2,
  "iteration": 15,
  "prob": 0.033771,
  "ener_norm": -5.839828,
  "E_mc": -27
}