{
  "depth": 4,
  "iteration": 13,
  "prob": 0.177426,
  "ener_norm": -6.7637585,
  "E_mc": -27
}