{
  "depth": 6,
  "iteration": 9,
  "prob": 0.038241,
  "ener_norm": -8.017102000000001,
  "E_mc": -27
}