{
  "depth": 6,
  "iteration": 25,
  "prob": 0.035188000000000004,
  "ener_norm": -5.4603465,
  "E_mc": -27
}