{
  "depth": 5,
  "iteration": 14,
  "prob": 0.049359,
  "ener_norm": -7.266965000000001,
  "E_mc": -27
}