{
  "depth": 6,
  "iteration": 7,
  "prob": 0.218478,
  "ener_norm": -6.703177000000001,
  "E_mc": -27
}