{
  "depth": 1,
  "iteration": 25,
  "prob": 0.052856,
  "ener_norm": -2.6630339999999997,
  "E_mc": -27
}