{
  "depth": 4,
  "iteration": 5,
  "prob": 0.135935,
  "ener_norm": -11.151796499999998,
  "E_mc": -27
}