{
  "depth": 1,
  "iteration": 14,
  "prob": 0.045944,
  "ener_norm": -0.7503785000000001,
  "E_mc": -27
}