{
  "depth": 3,
  "iteration": 1,
  "prob": 0.043394,
  "ener_norm": -5.2498154999999995,
  "E_mc": -27
}