{
  "depth": 6,
  "iteration": 5,
  "prob": 0.054535,
  "ener_norm": -6.936135500000001,
  "E_mc": -27
}