{
  "depth": 4,
  "iteration": 11,
  "prob": 0.037628,
  "ener_norm": -3.8141605000000003,
  "E_mc": -27
}