{
  "depth": 3,
  "iteration": 9,
  "prob": 0.063584,
  "ener_norm": -5.0746155,
  "E_mc": -27
}