{
  "depth": 4,
  "iteration": 18,
  "temp_pw": 0.9522061617229103,
  "temp_pc": 0.04973439002174702,
  "temp_plw": 0.8508444590780027,
  "temp_ew": -4.491609418968164,
  "temp_ec": -4.447341214517412,
  "temp_elw": -4.283333485376328,
  "E0": -4.500702633215211
}