{
  "depth": 5,
  "iteration": 32,
  "temp_pw": 0.9939635620007214,
  "temp_pc": 0.050017250600561,
  "temp_plw": 0.032908865520626725,
  "temp_ew": -4.499332207587106,
  "temp_ec": -4.498944134376636,
  "temp_elw": -4.15827244465634,
  "E0": -4.500702633215211
}