{
  "depth": 3,
  "iteration": 4,
  "temp_pw": 0.9293799403750458,
  "temp_pc": 0.04977766641658103,
  "temp_plw": 7.119994635494532e-08,
  "temp_ew": -4.495400662803451,
  "temp_ec": -4.413517931214805,
  "temp_elw": -4.283433793841642,
  "E0": -4.500702633215211
}