{
  "depth": 2,
  "iteration": 15,
  "temp_pw": 0.9770579229517917,
  "temp_pc": 0.03380927522616058,
  "temp_plw": 0.8544599984401654,
  "temp_ew": -4.468197942780282,
  "temp_ec": -2.708467436326771,
  "temp_elw": -4.283584828005054,
  "E0": -4.500702633215211
}