{
  "depth": 3,
  "iteration": 39,
  "temp_pw": 0.3030271833469013,
  "temp_pc": 0.04997204278499267,
  "temp_plw": 5.327976828679607e-08,
  "temp_ew": -3.8838630097697084,
  "temp_ec": -4.485918815075994,
  "temp_elw": -4.271410035916578,
  "E0": -4.500702633215211
}