{
  "depth": 3,
  "iteration": 44,
  "temp_pw": 0.9515557139502684,
  "temp_pc": 0.04996181808748313,
  "temp_plw": 0.28027487486444047,
  "temp_ew": -4.4877365234568,
  "temp_ec": -4.496671301108012,
  "temp_elw": -3.941564777041652,
  "E0": -4.500702633215211
}