{
  "depth": 3,
  "iteration": 3,
  "temp_pw": 0.9354764706507374,
  "temp_pc": 0.04980773119685086,
  "temp_plw": 0.8406034174246448,
  "temp_ew": -4.495328084000576,
  "temp_ec": -4.481433462949457,
  "temp_elw": -4.2894934273509335,
  "E0": -4.500702633215211
}