{
  "depth": 5,
  "iteration": 40,
  "temp_pw": 0.01263136274720407,
  "temp_pc": 0.04991671739165109,
  "temp_plw": 0.0001192752216674798,
  "temp_ew": -4.499229274442325,
  "temp_ec": -4.495809147978154,
  "temp_elw": -4.285439587880926,
  "E0": -4.500702633215211
}