{
  "depth": 4,
  "iteration": 41,
  "temp_pw": 0.9630894308915244,
  "temp_pc": 0.049982655907707084,
  "temp_plw": 0.8544722181574503,
  "temp_ew": -4.496990721099635,
  "temp_ec": -4.499392221495931,
  "temp_elw": -4.28273952831794,
  "E0": -4.500702633215211
}