{
  "depth": 1,
  "iteration": 14,
  "temp_pw": 0.6831210674503472,
  "temp_pc": 0.033589492149879614,
  "temp_plw": 0.8466059197561489,
  "temp_ew": -3.659683676863846,
  "temp_ec": -3.357515261076795,
  "temp_elw": -4.044112403132331,
  "E0": -4.500702633215211
}