{
  "depth": 5,
  "iteration": 33,
  "temp_pw": 0.5003945320088892,
  "temp_pc": 0.04996457365807968,
  "temp_plw": 9.431138975493691e-05,
  "temp_ew": -4.364740953802979,
  "temp_ec": -4.499421842934051,
  "temp_elw": -4.217149863005211,
  "E0": -4.500702633215211
}