{
  "depth": 3,
  "iteration": 15,
  "temp_pw": 0.9381283518991014,
  "temp_pc": 0.050049066805477445,
  "temp_plw": 0.8570560268603813,
  "temp_ew": -4.4965869500038345,
  "temp_ec": -4.492411199606398,
  "temp_elw": -4.280262142410116,
  "E0": -4.500702633215211
}