{
  "depth": 4,
  "iteration": 26,
  "temp_pw": 0.8032374117114457,
  "temp_pc": 0.049817919034863024,
  "temp_plw": 4.602576952290257e-08,
  "temp_ew": -4.480792107743213,
  "temp_ec": -4.486310557135511,
  "temp_elw": -4.283715216370844,
  "E0": -4.500702633215211
}