{
  "depth": 4,
  "iteration": 28,
  "temp_pw": 0.9198276801354841,
  "temp_pc": 0.049270070065656785,
  "temp_plw": 7.606618528162814e-06,
  "temp_ew": -4.497055167405492,
  "temp_ec": -4.447240190177631,
  "temp_elw": -4.198490199846173,
  "E0": -4.500702633215211
}