{
  "depth": 3,
  "iteration": 27,
  "temp_pw": 0.753165298453489,
  "temp_pc": 0.04913339620274143,
  "temp_plw": 9.035008322355417e-08,
  "temp_ew": -4.422196122945323,
  "temp_ec": -4.442060775460266,
  "temp_elw": -4.284515676336934,
  "E0": -4.500702633215211
}