{
  "depth": 5,
  "iteration": 1,
  "temp_pw": 0.7517836980392922,
  "temp_pc": 0.0499479449728157,
  "temp_plw": 0.8454917804650884,
  "temp_ew": -4.494438369402989,
  "temp_ec": -4.497572439340082,
  "temp_elw": -4.281274688647926,
  "E0": -4.500702633215211
}