{
  "depth": 3,
  "iteration": 42,
  "temp_pw": 0.8363932043129291,
  "temp_pc": 0.04994739573692005,
  "temp_plw": 0.4200220210010509,
  "temp_ew": -4.47039009260094,
  "temp_ec": -4.490410012803565,
  "temp_elw": -4.236028461106706,
  "E0": -4.500702633215211
}