{
  "depth": 5,
  "iteration": 15,
  "temp_pw": 0.9547658698105602,
  "temp_pc": 0.04988378268387228,
  "temp_plw": 0.40517884675057325,
  "temp_ew": -4.499016372461007,
  "temp_ec": -4.4955781333466085,
  "temp_elw": -4.264468408821717,
  "E0": -4.500702633215211
}