{
  "depth": 3,
  "iteration": 19,
  "temp_pw": 0.952994050200358,
  "temp_pc": 0.04998327850070411,
  "temp_plw": 0.8300168369612145,
  "temp_ew": -4.495911617529476,
  "temp_ec": -4.4920419855778135,
  "temp_elw": -4.203665017170778,
  "E0": -4.500702633215211
}