{
  "depth": 4,
  "iteration": 15,
  "temp_pw": 0.8673646676314107,
  "temp_pc": 0.04991491773513227,
  "temp_plw": 3.3303351219652207e-07,
  "temp_ew": -4.483977234910586,
  "temp_ec": -4.494336886472087,
  "temp_elw": -4.274365675487019,
  "E0": -4.500702633215211
}