{
  "depth": 1,
  "iteration": 47,
  "temp_pw": 0.9171575235519478,
  "temp_pc": 0.033617939528547004,
  "temp_plw": 2.9343375403785315e-08,
  "temp_ew": -4.332432519535828,
  "temp_ec": -3.3574535051462995,
  "temp_elw": -4.042741729993697,
  "E0": -4.500702633215211
}