{
  "depth": 5,
  "iteration": 21,
  "temp_pw": 0.9299142447806441,
  "temp_pc": 0.050017493568264945,
  "temp_plw": 0.0031509491887440557,
  "temp_ew": -4.483283992342042,
  "temp_ec": -4.4981833628377,
  "temp_elw": -4.237064747524549,
  "E0": -4.500702633215211
}