{
  "depth": 4,
  "iteration": 34,
  "temp_pw": 0.9083907820807993,
  "temp_pc": 0.049906356821564996,
  "temp_plw": 0.1566776057146746,
  "temp_ew": -4.494726843329666,
  "temp_ec": -4.49918741255965,
  "temp_elw": -4.126662764366785,
  "E0": -4.500702633215211
}