{
  "depth": 3,
  "iteration": 26,
  "temp_pw": 0.9730032474475059,
  "temp_pc": 0.05015383052937486,
  "temp_plw": 7.657336304221985e-06,
  "temp_ew": -4.495824662430742,
  "temp_ec": -4.494439028232655,
  "temp_elw": -4.201307772746311,
  "E0": -4.500702633215211
}