{
  "depth": 5,
  "iteration": 30,
  "temp_pw": 0.9025509259683541,
  "temp_pc": 0.050056487522655006,
  "temp_plw": 0.8584555381998765,
  "temp_ew": -4.49358680679039,
  "temp_ec": -4.498379579678602,
  "temp_elw": -4.27934299246898,
  "E0": -4.500702633215211
}