{
  "depth": 1,
  "iteration": 17,
  "temp_pw": 0.6825965646259674,
  "temp_pc": 0.010579458663897265,
  "temp_plw": 2.8973285797093584e-08,
  "temp_ew": -3.65961551476002,
  "temp_ec": 1.0013784503826173e-06,
  "temp_elw": -4.042702446835634,
  "E0": -4.500702633215211
}