{
  "depth": 5,
  "iteration": 48,
  "temp_pw": 0.9312819374928758,
  "temp_pc": 0.04980511204819719,
  "temp_plw": 0.8546061538360468,
  "temp_ew": -4.496820901472564,
  "temp_ec": -4.484773265112814,
  "temp_elw": -4.2721345300919396,
  "E0": -4.500702633215211
}