{
  "depth": 3,
  "iteration": 0,
  "temp_pw": 0.8533142052283582,
  "temp_pc": 0.049458052624624105,
  "temp_plw": 0.0551264751128412,
  "temp_ew": -4.481215592665002,
  "temp_ec": -4.444025646512792,
  "temp_elw": -3.6041074095641825,
  "E0": -4.500702633215211
}