{
  "depth": 4,
  "iteration": 21,
  "temp_pw": 0.3156511071840541,
  "temp_pc": 0.04992710607801491,
  "temp_plw": 0.8432918495653905,
  "temp_ew": -4.331404484022393,
  "temp_ec": -4.497453037641176,
  "temp_elw": -4.278342689102885,
  "E0": -4.500702633215211
}