{
  "depth": 3,
  "iteration": 7,
  "temp_pw": 0.5439092152664586,
  "temp_pc": 0.04998659318006029,
  "temp_plw": 0.058633824743174315,
  "temp_ew": -4.333543752808101,
  "temp_ec": -4.497385662316738,
  "temp_elw": -3.603714925578327,
  "E0": -4.500702633215211
}