{
  "depth": 3,
  "iteration": 49,
  "temp_pw": 0.9053005470362243,
  "temp_pc": 0.049024479022202305,
  "temp_plw": 0.28022200891575944,
  "temp_ew": -4.491917846366054,
  "temp_ec": -4.399659243090845,
  "temp_elw": -3.9100908737602964,
  "E0": -4.500702633215211
}