{
  "depth": 2,
  "iteration": 38,
  "temp_pw": 0.8388501933617029,
  "temp_pc": 0.04942678217466994,
  "temp_plw": 0.40987312495835515,
  "temp_ew": -4.4793273169680425,
  "temp_ec": -4.404378950312058,
  "temp_elw": -4.148753200783961,
  "E0": -4.500702633215211
}