{
  "depth": 4,
  "iteration": 23,
  "temp_pw": 0.3177300664363363,
  "temp_pc": 0.04937452917947748,
  "temp_plw": 0.859199997973025,
  "temp_ew": -4.005525857496533,
  "temp_ec": -4.450007235277784,
  "temp_elw": -4.288175274638821,
  "E0": -4.500702633215211
}