{
  "depth": 4,
  "iteration": 35,
  "temp_pw": 0.9358027608238274,
  "temp_pc": 0.04984820891066236,
  "temp_plw": 0.8531499166532712,
  "temp_ew": -4.494467596396873,
  "temp_ec": -4.440578467651697,
  "temp_elw": -4.284857340404741,
  "E0": -4.500702633215211
}