{
  "depth": 3,
  "iteration": 35,
  "temp_pw": 0.9261321026732421,
  "temp_pc": 0.049946980730650854,
  "temp_plw": 9.594598549863566e-08,
  "temp_ew": -4.4969655013394,
  "temp_ec": -4.478084893466992,
  "temp_elw": -4.285925175981987,
  "E0": -4.500702633215211
}