{
  "depth": 5,
  "iteration": 16,
  "temp_pw": 0.7572343608279078,
  "temp_pc": 0.04990945941186911,
  "temp_plw": 0.35379653436454817,
  "temp_ew": -4.330716107744273,
  "temp_ec": -4.498284527146669,
  "temp_elw": -4.240373178685434,
  "E0": -4.500702633215211
}