{
  "depth": 1,
  "iteration": 41,
  "temp_pw": 0.9172006733193871,
  "temp_pc": 0.03363565297560269,
  "temp_plw": 2.9090365680195556e-08,
  "temp_ew": -4.332438611496858,
  "temp_ec": -3.357540422407695,
  "temp_elw": -4.042764847726676,
  "E0": -4.500702633215211
}