{
  "depth": 3,
  "iteration": 5,
  "temp_pw": 0.8911912677309388,
  "temp_pc": 0.04995818300188742,
  "temp_plw": 9.747845673818631e-06,
  "temp_ew": -4.4569780579403435,
  "temp_ec": -4.497097981128267,
  "temp_elw": -4.247920917642951,
  "E0": -4.500702633215211
}