{
  "depth": 2,
  "iteration": 20,
  "temp_pw": 0.9334492724357144,
  "temp_pc": 0.044751014666026406,
  "temp_plw": 0.8170171390163452,
  "temp_ew": -4.494720872267578,
  "temp_ec": -3.995155457075942,
  "temp_elw": -4.137456181769068,
  "E0": -4.500702633215211
}