{
  "depth": 4,
  "iteration": 43,
  "temp_pw": 0.8696961435047459,
  "temp_pc": 0.049930397737960805,
  "temp_plw": 0.8321009169948282,
  "temp_ew": -4.450774103765472,
  "temp_ec": -4.468845550245618,
  "temp_elw": -4.214424393742309,
  "E0": -4.500702633215211
}