{
  "depth": 3,
  "iteration": 14,
  "temp_pw": 0.991925412402678,
  "temp_pc": 0.05003473625114266,
  "temp_plw": 0.4097345141433162,
  "temp_ew": -4.488316499514909,
  "temp_ec": -4.499588555606593,
  "temp_elw": -4.156951984433576,
  "E0": -4.500702633215211
}