{
  "depth": 3,
  "iteration": 31,
  "temp_pw": 0.9588343683564702,
  "temp_pc": 0.04994523406966456,
  "temp_plw": 1.5061569556553254e-07,
  "temp_ew": -4.497137498498319,
  "temp_ec": -4.4839286987000015,
  "temp_elw": -4.280174130555391,
  "E0": -4.500702633215211
}