{
  "depth": 5,
  "iteration": 13,
  "temp_pw": 0.9436047608081963,
  "temp_pc": 0.04993047185834102,
  "temp_plw": 0.8536404298359076,
  "temp_ew": -4.49781606278594,
  "temp_ec": -4.498186383880981,
  "temp_elw": -4.291172806953266,
  "E0": -4.500702633215211
}