{
  "depth": 4,
  "iteration": 3,
  "temp_pw": 0.9971907539012481,
  "temp_pc": 0.049991205535147784,
  "temp_plw": 2.232846671635893e-08,
  "temp_ew": -4.49901799606311,
  "temp_ec": -4.492853302498467,
  "temp_elw": -4.286488641596783,
  "E0": -4.500702633215211
}