{
  "depth": 3,
  "iteration": 28,
  "temp_pw": 0.8340175105000314,
  "temp_pc": 0.049612247539980836,
  "temp_plw": 0.41394048154860075,
  "temp_ew": -4.477422225129455,
  "temp_ec": -4.43446040074198,
  "temp_elw": -4.169072839341432,
  "E0": -4.500702633215211
}