{
  "depth": 5,
  "iteration": 25,
  "temp_pw": 0.9194145941188419,
  "temp_pc": 0.050013492673169874,
  "temp_plw": 0.29970187212145877,
  "temp_ew": -4.496428844509676,
  "temp_ec": -4.499238048826559,
  "temp_elw": -4.258808965982684,
  "E0": -4.500702633215211
}