{
  "depth": 3,
  "iteration": 41,
  "temp_pw": 0.9368665306389339,
  "temp_pc": 0.04998442494683004,
  "temp_plw": 0.2795063850039833,
  "temp_ew": -4.475218673298372,
  "temp_ec": -4.492954992387599,
  "temp_elw": -3.9412101000523876,
  "E0": -4.500702633215211
}