{
  "depth": 3,
  "iteration": 25,
  "temp_pw": 0.9396731982835852,
  "temp_pc": 0.04604194540476349,
  "temp_plw": 0.41311490030613884,
  "temp_ew": -4.498607998716221,
  "temp_ec": -4.121201433321904,
  "temp_elw": -4.216136900737208,
  "E0": -4.500702633215211
}