{
  "depth": 2,
  "iteration": 35,
  "temp_pw": 0.9770281754543384,
  "temp_pc": 0.04975720244230964,
  "temp_plw": 0.8343327320165165,
  "temp_ew": -4.468208600251909,
  "temp_ec": -4.407487908146312,
  "temp_elw": -4.204255858380485,
  "E0": -4.500702633215211
}