{
  "depth": 5,
  "iteration": 20,
  "temp_pw": 0.3419166423436559,
  "temp_pc": 0.04951899031834015,
  "temp_plw": 2.415230049143684e-07,
  "temp_ew": -4.419315049605903,
  "temp_ec": -4.468840580056028,
  "temp_elw": -4.290974659384652,
  "E0": -4.500702633215211
}