{
  "depth": 4,
  "iteration": 9,
  "temp_pw": 0.9796584840317301,
  "temp_pc": 0.04982774537076867,
  "temp_plw": 0.05719027315789286,
  "temp_ew": -4.487402933466782,
  "temp_ec": -4.482999748102831,
  "temp_elw": -4.002485849008469,
  "E0": -4.500702633215211
}