{
  "depth": 5,
  "iteration": 23,
  "temp_pw": 0.8544517082653826,
  "temp_pc": 0.04985640826802912,
  "temp_plw": 3.7938407435191975e-08,
  "temp_ew": -4.486037261114458,
  "temp_ec": -4.48954023041469,
  "temp_elw": -4.291960534776251,
  "E0": -4.500702633215211
}