{
  "depth": 5,
  "iteration": 3,
  "temp_pw": 0.8635533470328209,
  "temp_pc": 0.049951385042473005,
  "temp_plw": 7.326343907723949e-06,
  "temp_ew": -4.494008587051756,
  "temp_ec": -4.485263597121708,
  "temp_elw": -4.258161165828085,
  "E0": -4.500702633215211
}