{
  "depth": 1,
  "iteration": 25,
  "temp_pw": 0.917154834524791,
  "temp_pc": 0.03354875704509427,
  "temp_plw": 0.8463763250561304,
  "temp_ew": -4.332435287547984,
  "temp_ec": -3.3575046379334452,
  "temp_elw": -4.043726022384728,
  "E0": -4.500702633215211
}