{
  "depth": 2,
  "iteration": 27,
  "temp_pw": 0.9335212971451812,
  "temp_pc": 0.04936056830780449,
  "temp_plw": 5.350785897822329e-08,
  "temp_ew": -4.494697917519602,
  "temp_ec": -4.411885783179077,
  "temp_elw": -4.282250884544386,
  "E0": -4.500702633215211
}