{
  "depth": 2,
  "iteration": 1,
  "temp_pw": 0.843854465613232,
  "temp_pc": 0.039173933275320934,
  "temp_plw": 0.8178214913888611,
  "temp_ew": -4.372711473705955,
  "temp_ec": -3.649316450154082,
  "temp_elw": -4.157564697029542,
  "E0": -4.500702633215211
}