{
  "depth": 1,
  "iteration": 13,
  "temp_pw": 0.9171672183627546,
  "temp_pc": 0.033573614767961245,
  "temp_plw": 0.8464892535932433,
  "temp_ew": -4.332437326496404,
  "temp_ec": -3.3575046212279247,
  "temp_elw": -4.043926435476205,
  "E0": -4.500702633215211
}