{
  "depth": 5,
  "iteration": 22,
  "temp_pw": 0.9249562888286275,
  "temp_pc": 0.04997048378954734,
  "temp_plw": 2.082556850397852e-06,
  "temp_ew": -4.4966264454497455,
  "temp_ec": -4.499299025727154,
  "temp_elw": -4.216264623015476,
  "E0": -4.500702633215211
}