{
  "depth": 2,
  "iteration": 22,
  "temp_pw": 0.8328678269349695,
  "temp_pc": 0.03918827136413593,
  "temp_plw": 0.8543716226538511,
  "temp_ew": -4.478511815333334,
  "temp_ec": -3.6530525448207065,
  "temp_elw": -4.283516048531855,
  "E0": -4.500702633215211
}