{
  "depth": 3,
  "iteration": 38,
  "temp_pw": 0.9333458819254318,
  "temp_pc": 0.049940939769971576,
  "temp_plw": 1.7130619478257015e-09,
  "temp_ew": -4.466693027751646,
  "temp_ec": -4.479389846408235,
  "temp_elw": -4.279296760017061,
  "E0": -4.500702633215211
}