{
  "depth": 5,
  "iteration": 8,
  "temp_pw": 0.936781967059462,
  "temp_pc": 0.04984528746572786,
  "temp_plw": 0.8487476329770414,
  "temp_ew": -4.4947766418092066,
  "temp_ec": -4.49295490473374,
  "temp_elw": -4.287153335137752,
  "E0": -4.500702633215211
}