{
  "depth": 4,
  "iteration": 49,
  "temp_pw": 0.8215006886580732,
  "temp_pc": 0.0498875141488147,
  "temp_plw": 0.8592720678521835,
  "temp_ew": -4.481099617923594,
  "temp_ec": -4.489367070856982,
  "temp_elw": -4.275562941826777,
  "E0": -4.500702633215211
}