{
  "depth": 1,
  "iteration": 27,
  "temp_pw": 0.9171548785281571,
  "temp_pc": 0.033612853307138583,
  "temp_plw": 2.892588464426145e-08,
  "temp_ew": -4.3324348906949695,
  "temp_ec": -3.357471688278043,
  "temp_elw": -4.04262281361283,
  "E0": -4.500702633215211
}