{
  "depth": 1,
  "iteration": 16,
  "temp_pw": 0.9171623942925474,
  "temp_pc": 0.033486482304370804,
  "temp_plw": 2.851074046863304e-08,
  "temp_ew": -4.332429987270949,
  "temp_ec": -3.3574716608750634,
  "temp_elw": -4.042727821836909,
  "E0": -4.500702633215211
}