{
  "depth": 4,
  "iteration": 6,
  "temp_pw": 0.9262898928036797,
  "temp_pc": 0.0498253350553971,
  "temp_plw": 0.19296373543960557,
  "temp_ew": -4.495359871822622,
  "temp_ec": -4.487944294511269,
  "temp_elw": -3.590663755101552,
  "E0": -4.500702633215211
}