{
  "depth": 2,
  "iteration": 43,
  "temp_pw": 0.9026231381272969,
  "temp_pc": 0.038430730477320305,
  "temp_plw": 0.8547277707977795,
  "temp_ew": -4.386175858374067,
  "temp_ec": -3.536243798306245,
  "temp_elw": -4.283662844061151,
  "E0": -4.500702633215211
}