{
  "depth": 1,
  "iteration": 11,
  "temp_pw": 0.9171783937119863,
  "temp_pc": 0.033548977373077674,
  "temp_plw": 2.7903015088736214e-08,
  "temp_ew": -4.332439906757077,
  "temp_ec": -3.3574932492960308,
  "temp_elw": -4.042119002856975,
  "E0": -4.500702633215211
}