{
  "depth": 2,
  "iteration": 41,
  "temp_pw": 0.8976003836857424,
  "temp_pc": 0.03924587243736931,
  "temp_plw": 0.40751835692319094,
  "temp_ew": -4.492318302084108,
  "temp_ec": -3.7023170963109244,
  "temp_elw": -4.149670191233007,
  "E0": -4.500702633215211
}