{
  "depth": 5,
  "iteration": 0,
  "temp_pw": 0.7761983193874068,
  "temp_pc": 0.04996395223631656,
  "temp_plw": 0.08338734665725152,
  "temp_ew": -4.497440567136046,
  "temp_ec": -4.499183351141621,
  "temp_elw": -4.233870592140377,
  "E0": -4.500702633215211
}