{
  "depth": 5,
  "iteration": 17,
  "temp_pw": 0.9883330713983086,
  "temp_pc": 0.049951931215980114,
  "temp_plw": 8.695451636098456e-09,
  "temp_ew": -4.488454100028914,
  "temp_ec": -4.494859140517001,
  "temp_elw": -4.286533807269997,
  "E0": -4.500702633215211
}