{
  "depth": 2,
  "iteration": 8,
  "temp_pw": 0.9674592000719201,
  "temp_pc": 0.038004736086763906,
  "temp_plw": 0.836070721955484,
  "temp_ew": -4.446488224058754,
  "temp_ec": -3.5348778647935966,
  "temp_elw": -4.202386222885348,
  "E0": -4.500702633215211
}