{
  "depth": 4,
  "iteration": 32,
  "temp_pw": 0.3112636901723627,
  "temp_pc": 0.049802977880348945,
  "temp_plw": 0.8511334435670533,
  "temp_ew": -4.004556214462301,
  "temp_ec": -4.483605660993874,
  "temp_elw": -4.257371275159681,
  "E0": -4.500702633215211
}