{
  "depth": 2,
  "iteration": 9,
  "temp_pw": 0.8327441050824212,
  "temp_pc": 0.038286743552682925,
  "temp_plw": 0.8187947197397282,
  "temp_ew": -4.478621291244256,
  "temp_ec": -3.537149162722134,
  "temp_elw": -4.115794021763783,
  "E0": -4.500702633215211
}