{
  "depth": 1,
  "iteration": 46,
  "temp_pw": 0.9171615124891688,
  "temp_pc": 0.03364373811088495,
  "temp_plw": 0.8465287770592237,
  "temp_ew": -4.332436649186338,
  "temp_ec": -3.357520093357259,
  "temp_elw": -4.043996582860657,
  "E0": -4.500702633215211
}