{
  "depth": 5,
  "iteration": 5,
  "temp_pw": 0.9053695808684985,
  "temp_pc": 0.049970551805995723,
  "temp_plw": 0.39636337657567505,
  "temp_ew": -4.486471131284304,
  "temp_ec": -4.49704302993845,
  "temp_elw": -4.053741445889205,
  "E0": -4.500702633215211
}