{
  "depth": 1,
  "iteration": 12,
  "temp_pw": 0.9171528305482785,
  "temp_pc": 0.01759396854684581,
  "temp_plw": 0.8463808450677754,
  "temp_ew": -4.3324295112152775,
  "temp_ec": 9.226862731281926e-05,
  "temp_elw": -4.043713099316431,
  "E0": -4.500702633215211
}