{
  "depth": 3,
  "iteration": 6,
  "temp_pw": 0.9334420358816926,
  "temp_pc": 0.049058831621702916,
  "temp_plw": 2.711368409611353e-08,
  "temp_ew": -4.466805519252787,
  "temp_ec": -4.399491352359242,
  "temp_elw": -4.272696088224418,
  "E0": -4.500702633215211
}