{
  "depth": 1,
  "iteration": 34,
  "temp_pw": 0.9172021247818889,
  "temp_pc": 0.03353925540291679,
  "temp_plw": 0.8466109646048656,
  "temp_ew": -4.332430519197519,
  "temp_ec": -3.357552311520781,
  "temp_elw": -4.044147467311742,
  "E0": -4.500702633215211
}