{
  "depth": 2,
  "iteration": 3,
  "temp_pw": 0.8385665538601744,
  "temp_pc": 0.046556775164423664,
  "temp_plw": 0.8545961100350294,
  "temp_ew": -4.3842765765261476,
  "temp_ec": -4.098683784190822,
  "temp_elw": -4.283463714927549,
  "E0": -4.500702633215211
}