{
  "depth": 2,
  "iteration": 29,
  "temp_pw": 0.9237029993920288,
  "temp_pc": 0.04529742695124616,
  "temp_plw": 0.8318800809256578,
  "temp_ew": -4.487695331761273,
  "temp_ec": -4.198518950156036,
  "temp_elw": -4.2050181998231295,
  "E0": -4.500702633215211
}