{
  "depth": 5,
  "iteration": 24,
  "temp_pw": 0.9698224508648228,
  "temp_pc": 0.050008409738673786,
  "temp_plw": 2.7632067374172338e-08,
  "temp_ew": -4.433257166341381,
  "temp_ec": -4.499651240926781,
  "temp_elw": -4.285319519184014,
  "E0": -4.500702633215211
}