{
  "depth": 1,
  "iteration": 37,
  "temp_pw": 0.9171503813328074,
  "temp_pc": 0.03355860292161356,
  "temp_plw": 0.8465010944602912,
  "temp_ew": -4.332426866450984,
  "temp_ec": -3.357505501843306,
  "temp_elw": -4.0439471361505035,
  "E0": -4.500702633215211
}