{
  "depth": 2,
  "iteration": 36,
  "temp_pw": 0.9348595489965107,
  "temp_pc": 0.049617444026719644,
  "temp_plw": 0.8544574737242667,
  "temp_ew": -4.467254579070602,
  "temp_ec": -4.409348977208623,
  "temp_elw": -4.2833621314559345,
  "E0": -4.500702633215211
}