{
  "depth": 2,
  "iteration": 42,
  "temp_pw": 0.9676106181642019,
  "temp_pc": 0.044600635034194855,
  "temp_plw": 0.8544420501282123,
  "temp_ew": -4.446483104880567,
  "temp_ec": -3.9951948286390113,
  "temp_elw": -4.283003569630477,
  "E0": -4.500702633215211
}