{
  "depth": 2,
  "iteration": 28,
  "temp_pw": 0.8373059852295829,
  "temp_pc": 0.029914278909790072,
  "temp_plw": 0.8342980456625426,
  "temp_ew": -4.383422029150118,
  "temp_ec": -2.7158034895463494,
  "temp_elw": -4.204152274579339,
  "E0": -4.500702633215211
}