{
  "depth": 3,
  "iteration": 46,
  "temp_pw": 0.9137488406826584,
  "temp_pc": 0.048760258453995196,
  "temp_plw": 1.074848569770229e-08,
  "temp_ew": -4.47051398609554,
  "temp_ec": -4.329446460383558,
  "temp_elw": -4.284201331579631,
  "E0": -4.500702633215211
}