{
  "depth": 3,
  "iteration": 1,
  "temp_pw": 0.9161615254354677,
  "temp_pc": 0.04974825337881505,
  "temp_plw": 0.8243008761690539,
  "temp_ew": -4.496952741449842,
  "temp_ec": -4.451495941075699,
  "temp_elw": -4.257691400966738,
  "E0": -4.500702633215211
}