{
  "depth": 5,
  "iteration": 42,
  "temp_pw": 0.4091842207182463,
  "temp_pc": 0.05002158473945996,
  "temp_plw": 7.963176628092281e-08,
  "temp_ew": -4.476388037370448,
  "temp_ec": -4.499949902460035,
  "temp_elw": -4.2870705112222325,
  "E0": -4.500702633215211
}