{
  "depth": 4,
  "iteration": 27,
  "temp_pw": 0.1948285173564548,
  "temp_pc": 0.05000384248523647,
  "temp_plw": 0.4229368893942528,
  "temp_ew": -4.448305403199296,
  "temp_ec": -4.499644676106588,
  "temp_elw": -3.402121491911082,
  "E0": -4.500702633215211
}