{
  "depth": 1,
  "iteration": 45,
  "temp_pw": 0.917172666253762,
  "temp_pc": 0.033578311512472765,
  "temp_plw": 2.8631897690852097e-08,
  "temp_ew": -4.332441874912149,
  "temp_ec": -3.3575452569473825,
  "temp_elw": -4.042458764238454,
  "E0": -4.500702633215211
}