{
  "depth": 3,
  "iteration": 22,
  "temp_pw": 0.9525485291589517,
  "temp_pc": 0.04996575228841014,
  "temp_plw": 0.4056554158724729,
  "temp_ew": -4.496364235016522,
  "temp_ec": -4.494683214877423,
  "temp_elw": -4.14837381992584,
  "E0": -4.500702633215211
}