{
  "depth": 2,
  "iteration": 19,
  "temp_pw": 0.8383514527664576,
  "temp_pc": 0.046438819156071016,
  "temp_plw": 0.8543587997765264,
  "temp_ew": -4.384388231072823,
  "temp_ec": -4.098565290472845,
  "temp_elw": -4.2835815499933325,
  "E0": -4.500702633215211
}