{
  "depth": 5,
  "iteration": 7,
  "temp_pw": 0.9784945186360545,
  "temp_pc": 0.05025237854391802,
  "temp_plw": 1.3485583982098902e-05,
  "temp_ew": -4.498330640301425,
  "temp_ec": -4.4993371252042635,
  "temp_elw": -4.240437204984495,
  "E0": -4.500702633215211
}