{
  "depth": 5,
  "iteration": 11,
  "temp_pw": 0.3543358759274025,
  "temp_pc": 0.04966998911323554,
  "temp_plw": 1.0427076658987068e-07,
  "temp_ew": -4.115478133750479,
  "temp_ec": -4.472147061512064,
  "temp_elw": -4.28471217178954,
  "E0": -4.500702633215211
}