{
  "depth": 1,
  "iteration": 4,
  "temp_pw": 0.9171673013286634,
  "temp_pc": 0.03358990158218429,
  "temp_plw": 2.85021887929451e-08,
  "temp_ew": -4.332441168846724,
  "temp_ec": -3.3574769423653947,
  "temp_elw": -4.042402272419334,
  "E0": -4.500702633215211
}