{
  "depth": 3,
  "iteration": 23,
  "temp_pw": 0.9327074957686985,
  "temp_pc": 0.049773591412853216,
  "temp_plw": 0.8597023650553014,
  "temp_ew": -4.475366442227905,
  "temp_ec": -4.483318441508857,
  "temp_elw": -4.2882125775156545,
  "E0": -4.500702633215211
}