{
  "depth": 1,
  "iteration": 30,
  "temp_pw": 0.9171748565644967,
  "temp_pc": 0.03351338434751914,
  "temp_plw": 0.8465492183436251,
  "temp_ew": -4.332441793811274,
  "temp_ec": -3.357488214229285,
  "temp_elw": -4.044034519808083,
  "E0": -4.500702633215211
}