{
  "depth": 1,
  "iteration": 7,
  "temp_pw": 0.9171400065937751,
  "temp_pc": 0.03353762182805518,
  "temp_plw": 2.8177595026240957e-08,
  "temp_ew": -4.332438792105368,
  "temp_ec": -3.357520863907542,
  "temp_elw": -4.042291436692082,
  "E0": -4.500702633215211
}