{
  "depth": 4,
  "iteration": 40,
  "temp_pw": 0.9212048438206674,
  "temp_pc": 0.048450205337251535,
  "temp_plw": 0.4028506642072245,
  "temp_ew": -4.496800361251484,
  "temp_ec": -4.40010362169938,
  "temp_elw": -4.148949400861138,
  "E0": -4.500702633215211
}