{
  "depth": 1,
  "iteration": 2,
  "temp_pw": 0.9171706145771306,
  "temp_pc": 0.03342615316337818,
  "temp_plw": 0.8465933738417992,
  "temp_ew": -4.332441204531822,
  "temp_ec": -3.3574192449583045,
  "temp_elw": -4.044092482939085,
  "E0": -4.500702633215211
}