{
  "depth": 1,
  "iteration": 32,
  "temp_pw": 0.9171815425882701,
  "temp_pc": 0.03355260505114773,
  "temp_plw": 0.8460039367092672,
  "temp_ew": -4.332441890045072,
  "temp_ec": -3.357545727520261,
  "temp_elw": -4.043098833203718,
  "E0": -4.500702633215211
}