{
  "depth": 4,
  "iteration": 48,
  "temp_pw": 0.9350331227548884,
  "temp_pc": 0.049912810323584585,
  "temp_plw": 0.8517837302534842,
  "temp_ew": -4.49508454299313,
  "temp_ec": -4.488233777968123,
  "temp_elw": -4.282585679091348,
  "E0": -4.500702633215211
}