{
  "depth": 2,
  "iteration": 46,
  "temp_pw": 0.8985875800722972,
  "temp_pc": 0.049804428088896076,
  "temp_plw": 0.4101201317489394,
  "temp_ew": -4.492303012527081,
  "temp_ec": -4.409983173996476,
  "temp_elw": -4.1495254478308325,
  "E0": -4.500702633215211
}