{
  "depth": 4,
  "iteration": 8,
  "temp_pw": 0.3424484567254432,
  "temp_pc": 0.05000927695260032,
  "temp_plw": 5.132397669364022e-07,
  "temp_ew": -4.397478093988177,
  "temp_ec": -4.4978303665768244,
  "temp_elw": -4.24435593484186,
  "E0": -4.500702633215211
}