{
  "depth": 1,
  "iteration": 35,
  "temp_pw": 0.917129882653591,
  "temp_pc": 0.03360887491883567,
  "temp_plw": 2.7252550723829207e-08,
  "temp_ew": -4.332431576491604,
  "temp_ec": -3.357515469075498,
  "temp_elw": -4.042063767205683,
  "E0": -4.500702633215211
}