{
  "depth": 4,
  "iteration": 29,
  "temp_pw": 0.941443480956857,
  "temp_pc": 0.050122887891651,
  "temp_plw": 0.8514608900510329,
  "temp_ew": -4.493219517620645,
  "temp_ec": -4.499565342271744,
  "temp_elw": -4.2278201042404255,
  "E0": -4.500702633215211
}