{
  "depth": 1,
  "iteration": 48,
  "temp_pw": 0.917208868953734,
  "temp_pc": 0.033563976803737995,
  "temp_plw": 0.8466263471382103,
  "temp_ew": -4.332437929785314,
  "temp_ec": -3.357432726075494,
  "temp_elw": -4.044146972495245,
  "E0": -4.500702633215211
}