{
  "depth": 3,
  "iteration": 45,
  "temp_pw": 0.9296193142403593,
  "temp_pc": 0.049112232541361434,
  "temp_plw": 0.0010881528688982717,
  "temp_ew": -4.4937249637913546,
  "temp_ec": -4.40495625893951,
  "temp_elw": -4.238819093988031,
  "E0": -4.500702633215211
}