{
  "depth": 5,
  "iteration": 12,
  "temp_pw": 0.8873999693559662,
  "temp_pc": 0.05000398767718892,
  "temp_plw": 0.8531395450548354,
  "temp_ew": -4.380341643721398,
  "temp_ec": -4.4988743679571,
  "temp_elw": -4.283347922880058,
  "E0": -4.500702633215211
}