{
  "depth": 4,
  "iteration": 14,
  "temp_pw": 0.4318363508787163,
  "temp_pc": 0.049977245105703005,
  "temp_plw": 0.8516227771043604,
  "temp_ew": -3.9479066455534806,
  "temp_ec": -4.497815541063552,
  "temp_elw": -4.1729494083717675,
  "E0": -4.500702633215211
}