{
  "depth": 4,
  "iteration": 44,
  "temp_pw": 0.8655141249161029,
  "temp_pc": 0.04971123316412515,
  "temp_plw": 0.22355575631162838,
  "temp_ew": -4.483953052853892,
  "temp_ec": -4.488285402078937,
  "temp_elw": -3.6108966103601716,
  "E0": -4.500702633215211
}