{
  "depth": 4,
  "iteration": 5,
  "temp_pw": 0.9543303898237371,
  "temp_pc": 0.049921905082388786,
  "temp_plw": 0.054648583559882426,
  "temp_ew": -4.469690924158776,
  "temp_ec": -4.494817950127985,
  "temp_elw": -3.7688957815969353,
  "E0": -4.500702633215211
}