{
  "depth": 3,
  "iteration": 20,
  "temp_pw": 0.858771166550684,
  "temp_pc": 0.04973621733353501,
  "temp_plw": 0.858280205834802,
  "temp_ew": -4.494896791277078,
  "temp_ec": -4.482160338259007,
  "temp_elw": -4.287338447952326,
  "E0": -4.500702633215211
}