{
  "depth": 2,
  "iteration": 40,
  "temp_pw": 0.33697180997646303,
  "temp_pc": 0.03785893632497906,
  "temp_plw": 0.8170249564661259,
  "temp_ew": -3.948444193479343,
  "temp_ec": -3.5360736252859226,
  "temp_elw": -4.1363496948826715,
  "E0": -4.500702633215211
}