{
  "depth": 1,
  "iteration": 20,
  "temp_pw": 0.9171572231717444,
  "temp_pc": 0.0335160089160533,
  "temp_plw": 0.8465488722219018,
  "temp_ew": -4.332441342596656,
  "temp_ec": -3.357476531307892,
  "temp_elw": -4.044013501455606,
  "E0": -4.500702633215211
}