{
  "depth": 3,
  "iteration": 29,
  "temp_pw": 0.9067074501419208,
  "temp_pc": 0.0494029148021577,
  "temp_plw": 7.593581514201312e-07,
  "temp_ew": -4.462585418165919,
  "temp_ec": -4.440594178514072,
  "temp_elw": -4.269365664369285,
  "E0": -4.500702633215211
}