{
  "depth": 2,
  "iteration": 44,
  "temp_pw": 0.935323702757564,
  "temp_pc": 0.03473565885237694,
  "temp_plw": 4.7406865347064586e-08,
  "temp_ew": -4.46725836800708,
  "temp_ec": -3.38650151694479,
  "temp_elw": -4.282161883909517,
  "E0": -4.500702633215211
}