{
  "depth": 5,
  "iteration": 26,
  "temp_pw": 0.8788598040472675,
  "temp_pc": 0.04995134125384148,
  "temp_plw": 0.4161046104353986,
  "temp_ew": -4.426125050340861,
  "temp_ec": -4.495475506357334,
  "temp_elw": -4.23076945032938,
  "E0": -4.500702633215211
}