{
  "depth": 2,
  "iteration": 13,
  "temp_pw": 0.8984135536598589,
  "temp_pc": 0.03743238069524802,
  "temp_plw": 0.8547544936076511,
  "temp_ew": -4.492320817655308,
  "temp_ec": -3.5775209422729652,
  "temp_elw": -4.283604005717876,
  "E0": -4.500702633215211
}