{
  "depth": 1,
  "iteration": 21,
  "temp_pw": 0.9171672837557668,
  "temp_pc": 0.03350687160256884,
  "temp_plw": 0.8466046323891335,
  "temp_ew": -4.332431974086681,
  "temp_ec": -3.357332296466435,
  "temp_elw": -4.044111107984804,
  "E0": -4.500702633215211
}