{
  "depth": 3,
  "iteration": 13,
  "temp_pw": 0.8348862207922272,
  "temp_pc": 0.049614080623232394,
  "temp_plw": 0.41235103846918303,
  "temp_ew": -4.475720523524842,
  "temp_ec": -4.437901917361213,
  "temp_elw": -4.166115312496014,
  "E0": -4.500702633215211
}