{
  "depth": 5,
  "iteration": 6,
  "temp_pw": 0.8879845272001818,
  "temp_pc": 0.04925718008713903,
  "temp_plw": 0.8294590745463628,
  "temp_ew": -4.4969924509293655,
  "temp_ec": -4.4462197651262265,
  "temp_elw": -4.190521943323791,
  "E0": -4.500702633215211
}