{
  "depth": 4,
  "iteration": 10,
  "temp_pw": 0.9606789385697541,
  "temp_pc": 0.04984960937678498,
  "temp_plw": 0.7887573021217035,
  "temp_ew": -4.497551944950391,
  "temp_ec": -4.494417779227689,
  "temp_elw": -4.300827815293829,
  "E0": -4.500702633215211
}