{
  "depth": 4,
  "iteration": 4,
  "temp_pw": 0.8794226651176025,
  "temp_pc": 0.049940854947262275,
  "temp_plw": 0.8593811266947677,
  "temp_ew": -4.318083145508432,
  "temp_ec": -4.481706868973038,
  "temp_elw": -4.277607936086412,
  "E0": -4.500702633215211
}