{
  "depth": 1,
  "iteration": 15,
  "temp_pw": 0.9171619097503829,
  "temp_pc": 0.03364848958754601,
  "temp_plw": 0.8463942790201638,
  "temp_ew": -4.332430413717066,
  "temp_ec": -3.35748222945184,
  "temp_elw": -4.043740197864562,
  "E0": -4.500702633215211
}