{
  "depth": 4,
  "iteration": 0,
  "temp_pw": 0.9698908557219601,
  "temp_pc": 0.04998129931390314,
  "temp_plw": 0.4128367958525652,
  "temp_ew": -4.489475369541598,
  "temp_ec": -4.495721378998418,
  "temp_elw": -4.088493069050106,
  "E0": -4.500702633215211
}