{
  "depth": 2,
  "iteration": 0,
  "temp_pw": 0.5914072830376373,
  "temp_pc": 0.042522659478431916,
  "temp_plw": 0.8351996994367906,
  "temp_ew": -4.023905197551773,
  "temp_ec": -3.682337209165656,
  "temp_elw": -4.20365929458406,
  "E0": -4.500702633215211
}