{
  "depth": 4,
  "iteration": 11,
  "temp_pw": 0.922613954954948,
  "temp_pc": 0.04946817952841936,
  "temp_plw": 0.05181846907092971,
  "temp_ew": -4.496862256057252,
  "temp_ec": -4.454433902336355,
  "temp_elw": -4.121017989585688,
  "E0": -4.500702633215211
}