{
  "depth": 5,
  "iteration": 14,
  "temp_pw": 0.9523145972245727,
  "temp_pc": 0.05008177584916026,
  "temp_plw": 0.034325492882450806,
  "temp_ew": -4.4961823456211505,
  "temp_ec": -4.49830866192945,
  "temp_elw": -4.177270574244826,
  "E0": -4.500702633215211
}