{
  "depth": 5,
  "iteration": 36,
  "temp_pw": 0.12154376305763681,
  "temp_pc": 0.04998422678745514,
  "temp_plw": 0.14427956563275063,
  "temp_ew": -4.104589793350964,
  "temp_ec": -4.498290594204466,
  "temp_elw": -4.006961547156944,
  "E0": -4.500702633215211
}