{
  "depth": 3,
  "iteration": 16,
  "temp_pw": 0.9062368576426588,
  "temp_pc": 0.03982143015529054,
  "temp_plw": 4.7893931821098426e-08,
  "temp_ew": -4.490823712830995,
  "temp_ec": -3.6995015614197087,
  "temp_elw": -4.284772028173027,
  "E0": -4.500702633215211
}