{
  "depth": 3,
  "iteration": 37,
  "temp_pw": 0.8836700008147929,
  "temp_pc": 0.04862691894735661,
  "temp_plw": 0.8527381053276785,
  "temp_ew": -4.491462407108536,
  "temp_ec": -4.2613571556671666,
  "temp_elw": -4.2801490962231625,
  "E0": -4.500702633215211
}