{
  "depth": 1,
  "iteration": 18,
  "temp_pw": 0.9171871972532589,
  "temp_pc": 0.03348287564670924,
  "temp_plw": 0.8465883930708616,
  "temp_ew": -4.332428983226453,
  "temp_ec": -3.3575190209499937,
  "temp_elw": -4.04410452281633,
  "E0": -4.500702633215211
}