{
  "depth": 3,
  "iteration": 21,
  "temp_pw": 0.9348538167813267,
  "temp_pc": 0.049923501748774315,
  "temp_plw": 0.8460441167612632,
  "temp_ew": -4.47536518129867,
  "temp_ec": -4.46701220542915,
  "temp_elw": -4.285990948222004,
  "E0": -4.500702633215211
}