{
  "depth": 5,
  "iteration": 10,
  "temp_pw": 0.9657744622668321,
  "temp_pc": 0.0499861639430331,
  "temp_plw": 0.4038977474388867,
  "temp_ew": -4.494201538555007,
  "temp_ec": -4.499494121280794,
  "temp_elw": -4.225480132167075,
  "E0": -4.500702633215211
}