{
  "depth": 2,
  "iteration": 12,
  "temp_pw": 0.9887854769835888,
  "temp_pc": 0.049700694215892786,
  "temp_plw": 0.8360838290360826,
  "temp_ew": -4.466900783439332,
  "temp_ec": -4.410170309740561,
  "temp_elw": -4.202706441581618,
  "E0": -4.500702633215211
}