{
  "depth": 2,
  "iteration": 34,
  "temp_pw": 0.9333445459755082,
  "temp_pc": 0.038336803100386924,
  "temp_plw": 0.8173287668607692,
  "temp_ew": -4.4947210179014725,
  "temp_ec": -3.536983149522772,
  "temp_elw": -4.145511952328452,
  "E0": -4.500702633215211
}