{
  "depth": 2,
  "iteration": 25,
  "temp_pw": 0.9334483771076171,
  "temp_pc": 0.04761154841054572,
  "temp_plw": 7.468083890141149e-06,
  "temp_ew": -4.494704892270846,
  "temp_ec": -4.200713662889978,
  "temp_elw": -4.202863901519841,
  "E0": -4.500702633215211
}