{
  "depth": 2,
  "iteration": 48,
  "temp_pw": 0.8978256103330994,
  "temp_pc": 0.03904080423609339,
  "temp_plw": 0.8174168633562454,
  "temp_ew": -4.4923229712122605,
  "temp_ec": -3.635003520178355,
  "temp_elw": -4.132760064688622,
  "E0": -4.500702633215211
}