{
  "depth": 5,
  "iteration": 46,
  "temp_pw": 0.7994541536215168,
  "temp_pc": 0.05026422907671364,
  "temp_plw": 0.2969474655797456,
  "temp_ew": -4.4869322389691035,
  "temp_ec": -4.498002239095982,
  "temp_elw": -4.260883382753697,
  "E0": -4.500702633215211
}