{
  "depth": 1,
  "iteration": 33,
  "temp_pw": 0.9171688923014172,
  "temp_pc": 0.03345446546279362,
  "temp_plw": 2.917791450279438e-08,
  "temp_ew": -4.332440233166739,
  "temp_ec": -3.357407271516898,
  "temp_elw": -4.042795626150184,
  "E0": -4.500702633215211
}