{
  "depth": 4,
  "iteration": 46,
  "temp_pw": 0.9673913182299549,
  "temp_pc": 0.04972130714368399,
  "temp_plw": 0.813897824546401,
  "temp_ew": -4.4921692384906216,
  "temp_ec": -4.460756145874637,
  "temp_elw": -4.293813419887158,
  "E0": -4.500702633215211
}