{
  "depth": 1,
  "iteration": 29,
  "temp_pw": 0.9172105127039306,
  "temp_pc": 0.03349778613737847,
  "temp_plw": 2.8008914520984057e-08,
  "temp_ew": -4.332431124868297,
  "temp_ec": -3.357387499765778,
  "temp_elw": -4.042451797527445,
  "E0": -4.500702633215211
}