{
  "depth": 1,
  "iteration": 1,
  "temp_pw": 0.917138152506743,
  "temp_pc": 0.03357820718290174,
  "temp_plw": 2.819101256519066e-08,
  "temp_ew": -4.332432987784102,
  "temp_ec": -3.3575218918238754,
  "temp_elw": -4.042545180558548,
  "E0": -4.500702633215211
}