{
  "depth": 1,
  "iteration": 26,
  "temp_pw": 0.9172364941130731,
  "temp_pc": 0.033492553793200174,
  "temp_plw": 2.8984010033204922e-08,
  "temp_ew": -4.332433910535027,
  "temp_ec": -3.3573910020463558,
  "temp_elw": -4.042715122198363,
  "E0": -4.500702633215211
}