{
  "depth": 2,
  "iteration": 23,
  "temp_pw": 0.9677398162670474,
  "temp_pc": 0.049624650609576264,
  "temp_plw": 0.8547714180856588,
  "temp_ew": -4.446476790178842,
  "temp_ec": -4.409295969985028,
  "temp_elw": -4.283067905357591,
  "E0": -4.500702633215211
}