{
  "depth": 3,
  "iteration": 8,
  "temp_pw": 0.9705299226295583,
  "temp_pc": 0.0354651387520771,
  "temp_plw": 0.8329884610890259,
  "temp_ew": -4.48620275537797,
  "temp_ec": -3.445615717223113,
  "temp_elw": -4.208985596994932,
  "E0": -4.500702633215211
}