{
  "depth": 1,
  "iteration": 43,
  "temp_pw": 0.6826054339420479,
  "temp_pc": 0.033530289574312415,
  "temp_plw": 2.8645891472112953e-08,
  "temp_ew": -3.6596824760944315,
  "temp_ec": -3.3575332917336063,
  "temp_elw": -4.042463425876122,
  "E0": -4.500702633215211
}