{
  "depth": 2,
  "iteration": 7,
  "temp_pw": 0.9665713335652499,
  "temp_pc": 0.04967852996100542,
  "temp_plw": 0.8546360452967836,
  "temp_ew": -4.446492556339415,
  "temp_ec": -4.412043543534253,
  "temp_elw": -4.283267730429596,
  "E0": -4.500702633215211
}