{
  "depth": 2,
  "iteration": 2,
  "temp_pw": 0.9349105722820439,
  "temp_pc": 0.034939080025542656,
  "temp_plw": 0.8543505914797356,
  "temp_ew": -4.467319858787619,
  "temp_ec": -3.3899682521165424,
  "temp_elw": -4.283356444096331,
  "E0": -4.500702633215211
}