{
  "depth": 3,
  "iteration": 2,
  "temp_pw": 0.9466612809993463,
  "temp_pc": 0.04962285281129262,
  "temp_plw": 0.28185287671893483,
  "temp_ew": -4.491047818570756,
  "temp_ec": -4.458815384653022,
  "temp_elw": -3.920531587983781,
  "E0": -4.500702633215211
}