{
  "depth": 4,
  "iteration": 1,
  "temp_pw": 0.9292622470716808,
  "temp_pc": 0.049770465531474566,
  "temp_plw": 0.8424487909938346,
  "temp_ew": -4.499036408526482,
  "temp_ec": -4.485744626878002,
  "temp_elw": -4.296591149972645,
  "E0": -4.500702633215211
}