{
  "depth": 3,
  "iteration": 33,
  "temp_pw": 0.8847718608992273,
  "temp_pc": 0.049906663967059256,
  "temp_plw": 0.8387469422651249,
  "temp_ew": -4.486247688935105,
  "temp_ec": -4.407827600354455,
  "temp_elw": -4.249156357498183,
  "E0": -4.500702633215211
}