{
  "depth": 5,
  "iteration": 9,
  "temp_pw": 0.8158633901693207,
  "temp_pc": 0.05015454337293315,
  "temp_plw": 0.5429724634323553,
  "temp_ew": -4.479098777603916,
  "temp_ec": -4.498500838003178,
  "temp_elw": -4.237019529575136,
  "E0": -4.500702633215211
}