{
  "depth": 4,
  "iteration": 24,
  "temp_pw": 0.8669960697191166,
  "temp_pc": 0.04993249307042555,
  "temp_plw": 3.2572927526370066e-06,
  "temp_ew": -4.481148040490254,
  "temp_ec": -4.495375470654782,
  "temp_elw": -4.285323672948611,
  "E0": -4.500702633215211
}