{
  "depth": 1,
  "iteration": 36,
  "temp_pw": 0.9171852683309115,
  "temp_pc": 0.03353759758735456,
  "temp_plw": 2.8903653169117755e-08,
  "temp_ew": -4.332440088938043,
  "temp_ec": -3.3575032511216953,
  "temp_elw": -4.042673214182827,
  "E0": -4.500702633215211
}