{
  "depth": 1,
  "iteration": 40,
  "temp_pw": 0.917166222495638,
  "temp_pc": 0.033527324600314524,
  "temp_plw": 0.8465149547300188,
  "temp_ew": -4.33244066583951,
  "temp_ec": -3.357486202432,
  "temp_elw": -4.043939128073859,
  "E0": -4.500702633215211
}