{
  "depth": 4,
  "iteration": 33,
  "temp_pw": 0.9261669458890969,
  "temp_pc": 0.04998337821866229,
  "temp_plw": 0.8485240526516109,
  "temp_ew": -4.493031990923566,
  "temp_ec": -4.4982306911365235,
  "temp_elw": -4.287927648176463,
  "E0": -4.500702633215211
}