{
  "depth": 2,
  "iteration": 39,
  "temp_pw": 0.10086989242073477,
  "temp_pc": 0.049735907119415806,
  "temp_plw": 0.8547579692510139,
  "temp_ew": -3.9238904803234576,
  "temp_ec": -4.4097834188032685,
  "temp_elw": -4.283693243414948,
  "E0": -4.500702633215211
}