{
  "depth": 4,
  "iteration": 25,
  "temp_pw": 0.9502592430800314,
  "temp_pc": 0.04998632954466097,
  "temp_plw": 0.8589623656321528,
  "temp_ew": -4.497011788083093,
  "temp_ec": -4.498543029708802,
  "temp_elw": -4.286107075884942,
  "E0": -4.500702633215211
}