{
  "depth": 2,
  "iteration": 6,
  "temp_pw": 0.9773827382498934,
  "temp_pc": 0.04166156781158116,
  "temp_plw": 0.8165848485092829,
  "temp_ew": -4.468193223072301,
  "temp_ec": -2.786665056894414,
  "temp_elw": -4.145552345933833,
  "E0": -4.500702633215211
}