{
  "depth": 2,
  "iteration": 26,
  "temp_pw": 0.9886865901440842,
  "temp_pc": 0.04986124524827464,
  "temp_plw": 0.8543657212349881,
  "temp_ew": -4.466635487164357,
  "temp_ec": -4.41122291871903,
  "temp_elw": -4.283458344853109,
  "E0": -4.500702633215211
}