{
  "depth": 4,
  "iteration": 19,
  "temp_pw": 0.9332736441421079,
  "temp_pc": 0.049963418457706674,
  "temp_plw": 0.8481642292374658,
  "temp_ew": -4.481037158128519,
  "temp_ec": -4.4958984682028,
  "temp_elw": -4.2648662757505384,
  "E0": -4.500702633215211
}