{
  "depth": 2,
  "iteration": 14,
  "temp_pw": 0.988691687180168,
  "temp_pc": 0.04984681692478778,
  "temp_plw": 0.8168729267677027,
  "temp_ew": -4.466650692009782,
  "temp_ec": -4.41148914843507,
  "temp_elw": -4.137223532649674,
  "E0": -4.500702633215211
}