{
  "depth": 5,
  "iteration": 38,
  "temp_pw": 0.9491090019164505,
  "temp_pc": 0.04987810303882932,
  "temp_plw": 0.10233628578760069,
  "temp_ew": -4.499049354622425,
  "temp_ec": -4.48578227688315,
  "temp_elw": -4.181835044119811,
  "E0": -4.500702633215211
}