{
  "depth": 5,
  "iteration": 43,
  "temp_pw": 0.9748192149550245,
  "temp_pc": 0.04961455762346128,
  "temp_plw": 0.8502792014853627,
  "temp_ew": -4.499181449329296,
  "temp_ec": -4.430332252560099,
  "temp_elw": -4.283106876819399,
  "E0": -4.500702633215211
}