{
  "depth": 5,
  "iteration": 45,
  "temp_pw": 0.9212168658957879,
  "temp_pc": 0.04989690564416545,
  "temp_plw": 6.076923405777681e-07,
  "temp_ew": -4.499002165721148,
  "temp_ec": -4.490825311704551,
  "temp_elw": -4.193984757708957,
  "E0": -4.500702633215211
}