{
  "depth": 1,
  "iteration": 10,
  "temp_pw": 0.9171294229621176,
  "temp_pc": 0.033633229321822077,
  "temp_plw": 2.8789470776913034e-08,
  "temp_ew": -4.332430615170843,
  "temp_ec": -3.3575436165059322,
  "temp_elw": -4.042800659085106,
  "E0": -4.500702633215211
}