{
  "depth": 4,
  "iteration": 38,
  "temp_pw": 0.6520175998921317,
  "temp_pc": 0.049750233882700244,
  "temp_plw": 0.850295800021515,
  "temp_ew": -4.482028879666238,
  "temp_ec": -4.454586889377456,
  "temp_elw": -4.250250037926261,
  "E0": -4.500702633215211
}