{
  "depth": 1,
  "iteration": 22,
  "temp_pw": 0.9171502188290734,
  "temp_pc": 0.033536109447760885,
  "temp_plw": 2.9215950276869103e-08,
  "temp_ew": -4.332434136839229,
  "temp_ec": -3.3575030463600157,
  "temp_elw": -4.042729107451073,
  "E0": -4.500702633215211
}