{
  "depth": 1,
  "iteration": 38,
  "temp_pw": 0.9171815811546692,
  "temp_pc": 0.03352529978063922,
  "temp_plw": 2.8467581875938264e-08,
  "temp_ew": -4.332442543615063,
  "temp_ec": -3.3574797389515467,
  "temp_elw": -4.042386502455727,
  "E0": -4.500702633215211
}