{
  "depth": 3,
  "iteration": 48,
  "temp_pw": 0.9748984567357087,
  "temp_pc": 0.04986337217659112,
  "temp_plw": 0.40675449363583444,
  "temp_ew": -4.49871966797016,
  "temp_ec": -4.446226421894661,
  "temp_elw": -4.152476765544897,
  "E0": -4.500702633215211
}