{
  "depth": 3,
  "iteration": 17,
  "temp_pw": 0.913696023083976,
  "temp_pc": 0.04995899478699222,
  "temp_plw": 0.09774231155357228,
  "temp_ew": -4.467097209818114,
  "temp_ec": -4.481292718404582,
  "temp_elw": -3.8880643098147267,
  "E0": -4.500702633215211
}