{
  "depth": 1,
  "iteration": 28,
  "temp_pw": 0.6826735326469329,
  "temp_pc": 0.03354650279960032,
  "temp_plw": 2.8571002449355047e-08,
  "temp_ew": -3.659683340341406,
  "temp_ec": -3.3575614407747274,
  "temp_elw": -4.042745552978769,
  "E0": -4.500702633215211
}