{
  "depth": 2,
  "iteration": 32,
  "temp_pw": 0.9335567952295429,
  "temp_pc": 0.04975598742633943,
  "temp_plw": 5.444904407609114e-06,
  "temp_ew": -4.494689734153983,
  "temp_ec": -4.411431812361254,
  "temp_elw": -4.181398590795705,
  "E0": -4.500702633215211
}