{
  "depth": 4,
  "iteration": 39,
  "temp_pw": 0.9301420607452084,
  "temp_pc": 0.04998903653397129,
  "temp_plw": 0.8595426032360596,
  "temp_ew": -4.496509111890177,
  "temp_ec": -4.49947939316381,
  "temp_elw": -4.289961428591138,
  "E0": -4.500702633215211
}