{
  "depth": 3,
  "iteration": 24,
  "temp_pw": 0.9327019203004699,
  "temp_pc": 0.04939504211685404,
  "temp_plw": 0.32254868335068826,
  "temp_ew": -4.466464520640134,
  "temp_ec": -4.360885523218755,
  "temp_elw": -3.7049075667015643,
  "E0": -4.500702633215211
}