{
  "depth": 4,
  "iteration": 2,
  "temp_pw": 0.9501939564209954,
  "temp_pc": 0.04998715934682282,
  "temp_plw": 0.854651004173996,
  "temp_ew": -4.494217622580038,
  "temp_ec": -4.499597343044712,
  "temp_elw": -4.284322283278669,
  "E0": -4.500702633215211
}