{
  "depth": 5,
  "iteration": 28,
  "temp_pw": 0.6223482953490375,
  "temp_pc": 0.04995771104111713,
  "temp_plw": 0.1987274157542558,
  "temp_ew": -4.364068205405545,
  "temp_ec": -4.498205136490334,
  "temp_elw": -4.271716246751499,
  "E0": -4.500702633215211
}