{
  "depth": 2,
  "iteration": 17,
  "temp_pw": 0.9333718534220828,
  "temp_pc": 0.048485566787473004,
  "temp_plw": 4.5077808079204925e-06,
  "temp_ew": -4.494719546002585,
  "temp_ec": -4.2240434398103055,
  "temp_elw": -4.176192309254088,
  "E0": -4.500702633215211
}