{
  "depth": 5,
  "iteration": 35,
  "temp_pw": 0.9883714852519683,
  "temp_pc": 0.05008871229543898,
  "temp_plw": 0.8604216019241103,
  "temp_ew": -4.495466102211804,
  "temp_ec": -4.498410027982118,
  "temp_elw": -4.298067941517438,
  "E0": -4.500702633215211
}