{
  "depth": 4,
  "iteration": 31,
  "temp_pw": 0.8853027680045495,
  "temp_pc": 0.04963981175175963,
  "temp_plw": 0.060384665141737945,
  "temp_ew": -4.4864942637644845,
  "temp_ec": -4.465964572156924,
  "temp_elw": -3.7868690103555203,
  "E0": -4.500702633215211
}