{
  "depth": 3,
  "iteration": 36,
  "temp_pw": 0.9759755713810319,
  "temp_pc": 0.03982458712308961,
  "temp_plw": 0.8596224889609682,
  "temp_ew": -4.498653963289279,
  "temp_ec": -3.719327212911214,
  "temp_elw": -4.282064902416526,
  "E0": -4.500702633215211
}