{
  "depth": 1,
  "iteration": 5,
  "temp_pw": 0.9171525997994191,
  "temp_pc": 0.033644624292062685,
  "temp_plw": 0.8466007744062461,
  "temp_ew": -4.332433498634259,
  "temp_ec": -3.357460814343483,
  "temp_elw": -4.044127343173351,
  "E0": -4.500702633215211
}