{
  "depth": 1,
  "iteration": 49,
  "temp_pw": 0.9171831954666313,
  "temp_pc": 0.03356082084413678,
  "temp_plw": 0.8465988258926117,
  "temp_ew": -4.332430761474921,
  "temp_ec": -3.357481320221698,
  "temp_elw": -4.044122775134664,
  "E0": -4.500702633215211
}