{
  "depth": 2,
  "iteration": 21,
  "temp_pw": 0.9233860104204061,
  "temp_pc": 0.04934638953979017,
  "temp_plw": 1.958141810857638e-06,
  "temp_ew": -4.487694204063768,
  "temp_ec": -4.411082498952421,
  "temp_elw": -4.13988399086627,
  "E0": -4.500702633215211
}