{
  "depth": 5,
  "iteration": 34,
  "temp_pw": 0.9436054355586232,
  "temp_pc": 0.050138823868071176,
  "temp_plw": 7.318422995858798e-08,
  "temp_ew": -4.4574492099634,
  "temp_ec": -4.498119851426075,
  "temp_elw": -4.290161467824902,
  "E0": -4.500702633215211
}