{
  "depth": 2,
  "iteration": 30,
  "temp_pw": 0.9000748011953466,
  "temp_pc": 0.04973159464130803,
  "temp_plw": 0.8180861368183817,
  "temp_ew": -4.386190645136839,
  "temp_ec": -4.412229546976938,
  "temp_elw": -4.1279270096230825,
  "E0": -4.500702633215211
}