{
  "depth": 1,
  "iteration": 31,
  "temp_pw": 0.91716568122862,
  "temp_pc": 0.033649865911867506,
  "temp_plw": 2.750109213611729e-08,
  "temp_ew": -4.332438304479631,
  "temp_ec": -3.3575275724689178,
  "temp_elw": -4.0421846593320225,
  "E0": -4.500702633215211
}