{
  "depth": 1,
  "iteration": 23,
  "temp_pw": 0.9171690494070186,
  "temp_pc": 0.033560161545906304,
  "temp_plw": 2.9011351816259714e-08,
  "temp_ew": -4.332442218781598,
  "temp_ec": -3.357536842110907,
  "temp_elw": -4.042632712112557,
  "E0": -4.500702633215211
}