{
  "depth": 2,
  "iteration": 11,
  "temp_pw": 0.9674764292486262,
  "temp_pc": 0.0465106938900927,
  "temp_plw": 0.8548142483867651,
  "temp_ew": -4.446483875820103,
  "temp_ec": -4.0986538465671565,
  "temp_elw": -4.283526188862393,
  "E0": -4.500702633215211
}