{
  "depth": 3,
  "iteration": 12,
  "temp_pw": 0.8347516331185731,
  "temp_pc": 0.04986397780259326,
  "temp_plw": 0.8578129653193248,
  "temp_ew": -4.480523431832328,
  "temp_ec": -4.485765662694558,
  "temp_elw": -4.27929174394928,
  "E0": -4.500702633215211
}