{
  "depth": 2,
  "iteration": 33,
  "temp_pw": 0.9334990507448484,
  "temp_pc": 0.046461683505398366,
  "temp_plw": 0.4091143062657815,
  "temp_ew": -4.49471751473137,
  "temp_ec": -4.098531390576806,
  "temp_elw": -4.149439067340868,
  "E0": -4.500702633215211
}