{
  "depth": 1,
  "iteration": 0,
  "temp_pw": 0.9171687009227691,
  "temp_pc": 0.03361455926867483,
  "temp_plw": 2.956243652401129e-08,
  "temp_ew": -4.332426261803761,
  "temp_ec": -3.357498769745476,
  "temp_elw": -4.042916625441514,
  "E0": -4.500702633215211
}