{
  "depth": 4,
  "iteration": 36,
  "temp_pw": 0.9829133299886825,
  "temp_pc": 0.04996307941717084,
  "temp_plw": 0.06476653280709066,
  "temp_ew": -4.497004721461931,
  "temp_ec": -4.498492222992162,
  "temp_elw": -3.9771818426758614,
  "E0": -4.500702633215211
}