{
  "depth": 4,
  "iteration": 13,
  "temp_pw": 0.7992101584361474,
  "temp_pc": 0.048173585318228594,
  "temp_plw": 0.8476279316189679,
  "temp_ew": -4.445778085959926,
  "temp_ec": -4.3814150699557715,
  "temp_elw": -4.270726361651864,
  "E0": -4.500702633215211
}