{
  "depth": 5,
  "iteration": 37,
  "temp_pw": 0.8493929701223526,
  "temp_pc": 0.049999074098613074,
  "temp_plw": 2.334785146095446e-06,
  "temp_ew": -4.485157425921997,
  "temp_ec": -4.497912725329542,
  "temp_elw": -4.291819844652764,
  "E0": -4.500702633215211
}