{
  "depth": 3,
  "iteration": 11,
  "temp_pw": 0.9706038035020398,
  "temp_pc": 0.049783861994793434,
  "temp_plw": 0.8569454986424183,
  "temp_ew": -4.484370379665002,
  "temp_ec": -4.440903776700342,
  "temp_elw": -4.280958994867433,
  "E0": -4.500702633215211
}