{
  "depth": 2,
  "iteration": 24,
  "temp_pw": 0.9351136349693442,
  "temp_pc": 0.04968381040926921,
  "temp_plw": 5.084785965960335e-08,
  "temp_ew": -4.467265152328558,
  "temp_ec": -4.409757933139055,
  "temp_elw": -4.2825090652214115,
  "E0": -4.500702633215211
}