{
  "depth": 5,
  "iteration": 19,
  "temp_pw": 0.8824100490471867,
  "temp_pc": 0.04974661579188369,
  "temp_plw": 0.41981510260530985,
  "temp_ew": -4.485899305581956,
  "temp_ec": -4.499659671725436,
  "temp_elw": -4.209483234403898,
  "E0": -4.500702633215211
}