{
  "depth": 5,
  "iteration": 44,
  "temp_pw": 0.909982083252659,
  "temp_pc": 0.049751307819312765,
  "temp_plw": 0.24098783347623157,
  "temp_ew": -4.489140275229698,
  "temp_ec": -4.497679871770572,
  "temp_elw": -4.1867069346868,
  "E0": -4.500702633215211
}