{
  "depth": 4,
  "iteration": 17,
  "temp_pw": 0.9996988282773973,
  "temp_pc": 0.04993051414239719,
  "temp_plw": 0.8376913289921115,
  "temp_ew": -4.500457697944437,
  "temp_ec": -4.492401628742282,
  "temp_elw": -4.239310566357521,
  "E0": -4.500702633215211
}