{
  "depth": 4,
  "iteration": 12,
  "temp_pw": 0.9902937756045389,
  "temp_pc": 0.049978031329022794,
  "temp_plw": 0.8453160654143542,
  "temp_ew": -4.499428939824899,
  "temp_ec": -4.4974276619429325,
  "temp_elw": -4.28460817350307,
  "E0": -4.500702633215211
}