{
  "depth": 2,
  "iteration": 45,
  "temp_pw": 0.8511823399503377,
  "temp_pc": 0.049651653254221224,
  "temp_plw": 0.8543947564012881,
  "temp_ew": -4.383674197431834,
  "temp_ec": -4.447575944323354,
  "temp_elw": -4.283554785822659,
  "E0": -4.500702633215211
}