{
  "depth": 3,
  "iteration": 47,
  "temp_pw": 0.9100717151517426,
  "temp_pc": 0.03939660139233289,
  "temp_plw": 5.058889190312045e-09,
  "temp_ew": -4.49596611992407,
  "temp_ec": -3.70175134889406,
  "temp_elw": -4.279760659153045,
  "E0": -4.500702633215211
}