{
  "depth": 4,
  "iteration": 7,
  "temp_pw": 0.8262973525602192,
  "temp_pc": 0.04991134995713737,
  "temp_plw": 4.867590207191431e-05,
  "temp_ew": -4.403216396570041,
  "temp_ec": -4.499488033032055,
  "temp_elw": -4.237113117383725,
  "E0": -4.500702633215211
}