{
  "depth": 1,
  "iteration": 8,
  "temp_pw": 0.9171833434377438,
  "temp_pc": 0.033602748539420066,
  "temp_plw": 0.8465675485590246,
  "temp_ew": -4.332440085514925,
  "temp_ec": -3.3574559429114466,
  "temp_elw": -4.0440681470007505,
  "E0": -4.500702633215211
}