{
  "depth": 1,
  "iteration": 3,
  "temp_pw": 0.9171710841194857,
  "temp_pc": 0.033558982762858236,
  "temp_plw": 2.885071473929093e-08,
  "temp_ew": -4.3324401240549655,
  "temp_ec": -3.3574231094520997,
  "temp_elw": -4.042836260742877,
  "E0": -4.500702633215211
}