{
  "depth": 4,
  "iteration": 20,
  "temp_pw": 0.959895252174252,
  "temp_pc": 0.049936895376710345,
  "temp_plw": 2.969175014787464e-06,
  "temp_ew": -4.497784979717796,
  "temp_ec": -4.489049019137443,
  "temp_elw": -4.266526004775518,
  "E0": -4.500702633215211
}