{
  "depth": 4,
  "iteration": 47,
  "temp_pw": 0.9801090188778238,
  "temp_pc": 0.049880381782913735,
  "temp_plw": 0.8583564069649812,
  "temp_ew": -4.496601667420972,
  "temp_ec": -4.499299738156164,
  "temp_elw": -4.278416877468114,
  "E0": -4.500702633215211
}