{
  "depth": 3,
  "iteration": 40,
  "temp_pw": 0.9312455252715802,
  "temp_pc": 0.049945198994934686,
  "temp_plw": 0.35510762098093795,
  "temp_ew": -4.494842782965602,
  "temp_ec": -4.49884923425342,
  "temp_elw": -3.73127249944055,
  "E0": -4.500702633215211
}