{
  "depth": 4,
  "iteration": 45,
  "temp_pw": 0.992243637692405,
  "temp_pc": 0.04997979500864134,
  "temp_plw": 1.6304740742794087e-05,
  "temp_ew": -4.482041042977869,
  "temp_ec": -4.497703156515875,
  "temp_elw": -4.202631478768012,
  "E0": -4.500702633215211
}