{
  "depth": 2,
  "iteration": 5,
  "temp_pw": 0.933446240173675,
  "temp_pc": 0.035633466294870325,
  "temp_plw": 4.537980169445122e-08,
  "temp_ew": -4.494684193740671,
  "temp_ec": -3.377241461620631,
  "temp_elw": -4.282186544278023,
  "E0": -4.500702633215211
}