{
  "depth": 4,
  "iteration": 42,
  "temp_pw": 0.9440389728834754,
  "temp_pc": 0.049778522131631184,
  "temp_plw": 0.8592234156523093,
  "temp_ew": -4.483878605770599,
  "temp_ec": -4.499403421013273,
  "temp_elw": -4.284669940464031,
  "E0": -4.500702633215211
}