{
  "depth": 5,
  "iteration": 4,
  "temp_pw": 0.9414597505962488,
  "temp_pc": 0.049992714191185825,
  "temp_plw": 0.828119646799374,
  "temp_ew": -4.498523951716972,
  "temp_ec": -4.498200528392921,
  "temp_elw": -4.274441418945663,
  "E0": -4.500702633215211
}