{
  "depth": 5,
  "iteration": 31,
  "temp_pw": 0.9992471083120388,
  "temp_pc": 0.049288892086747506,
  "temp_plw": 2.947658104153721e-06,
  "temp_ew": -4.499751301725851,
  "temp_ec": -4.449214329925407,
  "temp_elw": -4.251225282120391,
  "E0": -4.500702633215211
}