{
  "depth": 4,
  "iteration": 30,
  "temp_pw": 0.9226055784977452,
  "temp_pc": 0.049886574082181015,
  "temp_plw": 0.8586990734978929,
  "temp_ew": -4.496312587693172,
  "temp_ec": -4.495220142948863,
  "temp_elw": -4.286992915618455,
  "E0": -4.500702633215211
}