{
  "depth": 5,
  "iteration": 41,
  "temp_pw": 0.33911818931411386,
  "temp_pc": 0.04987528608544028,
  "temp_plw": 0.8504547015238538,
  "temp_ew": -4.428615082686434,
  "temp_ec": -4.493325312043591,
  "temp_elw": -4.299851298204935,
  "E0": -4.500702633215211
}