{
  "depth": 5,
  "iteration": 49,
  "temp_pw": 0.43516146905693265,
  "temp_pc": 0.05027359521753839,
  "temp_plw": 0.8222384620490131,
  "temp_ew": -4.4688303056221805,
  "temp_ec": -4.499751099812169,
  "temp_elw": -4.2948943273605416,
  "E0": -4.500702633215211
}