{
  "depth": 3,
  "iteration": 32,
  "temp_pw": 0.8411695068814027,
  "temp_pc": 0.04979395366852192,
  "temp_plw": 3.937211088555111e-08,
  "temp_ew": -4.482436387873975,
  "temp_ec": -4.48161825596106,
  "temp_elw": -4.278353186937252,
  "E0": -4.500702633215211
}