{
  "depth": 1,
  "iteration": 42,
  "temp_pw": 0.9171760096276201,
  "temp_pc": 0.03352818921252406,
  "temp_plw": 2.9172708288844458e-08,
  "temp_ew": -4.332431527485344,
  "temp_ec": -3.3575532381512225,
  "temp_elw": -4.042809030655302,
  "E0": -4.500702633215211
}