{
  "depth": 3,
  "iteration": 9,
  "temp_pw": 0.9222368516787476,
  "temp_pc": 0.04880974168524375,
  "temp_plw": 8.016237394550092e-06,
  "temp_ew": -4.489726387970315,
  "temp_ec": -4.402539826795742,
  "temp_elw": -4.202806666769632,
  "E0": -4.500702633215211
}