{
  "depth": 5,
  "iteration": 47,
  "temp_pw": 0.9127149822372088,
  "temp_pc": 0.049965017222723236,
  "temp_plw": 0.32346609301483753,
  "temp_ew": -4.498707430375109,
  "temp_ec": -4.499648170718022,
  "temp_elw": -3.7169881854496545,
  "E0": -4.500702633215211
}