{
  "depth": 4,
  "iteration": 37,
  "temp_pw": 0.8784366458232624,
  "temp_pc": 0.04991934633216866,
  "temp_plw": 0.7748114809271173,
  "temp_ew": -4.496782202889374,
  "temp_ec": -4.490509661814645,
  "temp_elw": -4.2776462376758175,
  "E0": -4.500702633215211
}