{
  "depth": 2,
  "iteration": 37,
  "temp_pw": 0.9334523820159459,
  "temp_pc": 0.04538413763542664,
  "temp_plw": 3.457902616303804e-06,
  "temp_ew": -4.49467722380826,
  "temp_ec": -2.7800014604376813,
  "temp_elw": -4.161862748745516,
  "E0": -4.500702633215211
}