{
  "depth": 4,
  "iteration": 16,
  "temp_pw": 0.8515100934667303,
  "temp_pc": 0.05004185240253284,
  "temp_plw": 0.3885547921673794,
  "temp_ew": -4.374310442568763,
  "temp_ec": -4.499249239857292,
  "temp_elw": -4.220628936768904,
  "E0": -4.500702633215211
}