{
  "depth": 3,
  "iteration": 43,
  "temp_pw": 0.9344183589960527,
  "temp_pc": 0.04586730262250044,
  "temp_plw": 6.137946882985195e-06,
  "temp_ew": -4.494953925278001,
  "temp_ec": -4.192673284601767,
  "temp_elw": -4.191019182814411,
  "E0": -4.500702633215211
}