{
  "depth": 2,
  "iteration": 4,
  "temp_pw": 0.8329929054749731,
  "temp_pc": 0.04971970860670769,
  "temp_plw": 0.8543851407438242,
  "temp_ew": -4.478817053937629,
  "temp_ec": -4.4117259455289535,
  "temp_elw": -4.282452877619189,
  "E0": -4.500702633215211
}