{
  "depth": 1,
  "iteration": 19,
  "temp_pw": 0.9171639643057125,
  "temp_pc": 0.03363622567575224,
  "temp_plw": 0.8465836668295983,
  "temp_ew": -4.3324370792467235,
  "temp_ec": -3.357455222598638,
  "temp_elw": -4.044096245570479,
  "E0": -4.500702633215211
}