{
  "depth": 2,
  "iteration": 16,
  "temp_pw": 0.9334573095633335,
  "temp_pc": 0.04657345591606936,
  "temp_plw": 3.476367913272818e-06,
  "temp_ew": -4.49469750674746,
  "temp_ec": -4.098616543821958,
  "temp_elw": -4.167500079705199,
  "E0": -4.500702633215211
}