{
  "depth": 5,
  "iteration": 29,
  "temp_pw": 0.9822078429854141,
  "temp_pc": 0.04991158038360347,
  "temp_plw": 0.005763749405232424,
  "temp_ew": -4.498839478008442,
  "temp_ec": -4.495562890952666,
  "temp_elw": -4.235461778988309,
  "E0": -4.500702633215211
}