{
  "depth": 1,
  "iteration": 44,
  "temp_pw": 0.9171731581267323,
  "temp_pc": 0.03350509847434167,
  "temp_plw": 0.8465724902792929,
  "temp_ew": -4.332426746669,
  "temp_ec": -3.3575310684386714,
  "temp_elw": -4.044075647900161,
  "E0": -4.500702633215211
}