{
  "depth": 2,
  "iteration": 18,
  "temp_pw": 0.9333418669644986,
  "temp_pc": 0.049688358804108206,
  "temp_plw": 0.8539075462985801,
  "temp_ew": -4.4947197755717525,
  "temp_ec": -4.41212861828383,
  "temp_elw": -4.2832189843386885,
  "E0": -4.500702633215211
}