{
  "depth": 3,
  "iteration": 10,
  "temp_pw": 0.9563566254206137,
  "temp_pc": 0.04976535746893374,
  "temp_plw": 0.8568894305395405,
  "temp_ew": -4.487197383411601,
  "temp_ec": -4.421791933484549,
  "temp_elw": -4.280760483720655,
  "E0": -4.500702633215211
}