{
  "depth": 3,
  "iteration": 34,
  "temp_pw": 0.8364371281601752,
  "temp_pc": 0.040217881872666034,
  "temp_plw": 5.895631790932806e-06,
  "temp_ew": -4.458550742135326,
  "temp_ec": -3.7226570646835917,
  "temp_elw": -4.210523775436695,
  "E0": -4.500702633215211
}