{
  "depth": 1,
  "iteration": 24,
  "temp_pw": 0.9171403761052399,
  "temp_pc": 0.033501269047084246,
  "temp_plw": 0.8466117359248535,
  "temp_ew": -4.332434252396499,
  "temp_ec": -3.3573641020018705,
  "temp_elw": -4.044128059035295,
  "E0": -4.500702633215211
}