{
  "depth": 5,
  "iteration": 18,
  "temp_pw": 0.012354233534522696,
  "temp_pc": 0.04989290215994988,
  "temp_plw": 7.067862393125158e-05,
  "temp_ew": -4.288111735902028,
  "temp_ec": -4.494181907864387,
  "temp_elw": -4.262626360221624,
  "E0": -4.500702633215211
}