{
  "depth": 2,
  "iteration": 10,
  "temp_pw": 0.5907395662363762,
  "temp_pc": 0.04947172136233255,
  "temp_plw": 0.8360375970707958,
  "temp_ew": -4.023901429983237,
  "temp_ec": -4.412751402956662,
  "temp_elw": -4.2030553499615095,
  "E0": -4.500702633215211
}