{
  "depth": 4,
  "iteration": 22,
  "temp_pw": 0.9632363029725072,
  "temp_pc": 0.04989757002573982,
  "temp_plw": 0.859816272571311,
  "temp_ew": -4.497484804995459,
  "temp_ec": -4.4834474301124345,
  "temp_elw": -4.2783642738799905,
  "E0": -4.500702633215211
}