{
  "depth": 5,
  "iteration": 39,
  "temp_pw": 0.9655749829065093,
  "temp_pc": 0.04968189316698428,
  "temp_plw": 0.14006810755418425,
  "temp_ew": -4.478580247551797,
  "temp_ec": -4.483412046484396,
  "temp_elw": -4.1171171641322175,
  "E0": -4.500702633215211
}