{
  "depth": 2,
  "iteration": 49,
  "temp_pw": 0.9334853384808571,
  "temp_pc": 0.04752128469531416,
  "temp_plw": 0.8547734990689837,
  "temp_ew": -4.494717274277935,
  "temp_ec": -4.200261187624221,
  "temp_elw": -4.283532075724022,
  "E0": -4.500702633215211
}