{
  "depth": 1,
  "iteration": 9,
  "temp_pw": 0.9172063275870402,
  "temp_pc": 0.0006632061847426767,
  "temp_plw": 0.8463902919809373,
  "temp_ew": -4.332436567579652,
  "temp_ec": 7.581112198096207e-05,
  "temp_elw": -4.043730318952413,
  "E0": -4.500702633215211
}