{
  "depth": 2,
  "iteration": 31,
  "temp_pw": 0.8340410445318481,
  "temp_pc": 0.045596367147198294,
  "temp_plw": 0.40805147216920673,
  "temp_ew": -4.47876473823505,
  "temp_ec": -2.7802728129186427,
  "temp_elw": -4.148700353785358,
  "E0": -4.500702633215211
}