{
  "depth": 3,
  "iteration": 18,
  "temp_pw": 0.8996082233229045,
  "temp_pc": 0.049679068301434696,
  "temp_plw": 0.8590114481929372,
  "temp_ew": -4.492775119481465,
  "temp_ec": -4.480977994589118,
  "temp_elw": -4.273211296153324,
  "E0": -4.500702633215211
}