{
  "depth": 3,
  "iteration": 30,
  "temp_pw": 0.988711857320982,
  "temp_pc": 0.050017892430313016,
  "temp_plw": 0.8149746239146771,
  "temp_ew": -4.466807072535005,
  "temp_ec": -4.499192678354287,
  "temp_elw": -4.254406597552212,
  "E0": -4.500702633215211
}