{
  "depth": 5,
  "iteration": 2,
  "temp_pw": 0.9375893527554107,
  "temp_pc": 0.049616674170804086,
  "temp_plw": 0.8488725723800781,
  "temp_ew": -4.4952486009964225,
  "temp_ec": -4.469998913393692,
  "temp_elw": -4.287068189784581,
  "E0": -4.500702633215211
}