{
  "depth": 5,
  "iteration": 27,
  "temp_pw": 0.9709605797639707,
  "temp_pc": 0.04998319625638752,
  "temp_plw": 0.5211451529395902,
  "temp_ew": -4.478701450057262,
  "temp_ec": -4.498486165958212,
  "temp_elw": -4.258558365945053,
  "E0": -4.500702633215211
}