{
  "depth": 1,
  "iteration": 6,
  "temp_pw": 0.9171445868739745,
  "temp_pc": 0.033632646433123345,
  "temp_plw": 2.9259498065166616e-08,
  "temp_ew": -4.332436632695501,
  "temp_ec": -3.357449652238362,
  "temp_elw": -4.042819228225991,
  "E0": -4.500702633215211
}