{
  "depth": 2,
  "iteration": 47,
  "temp_pw": 0.8444388755257664,
  "temp_pc": 0.04967517761576175,
  "temp_plw": 0.8543291824665336,
  "temp_ew": -4.372770640723807,
  "temp_ec": -4.410360732088996,
  "temp_elw": -4.283578666690705,
  "E0": -4.500702633215211
}