{
  "depth": 1,
  "iteration": 39,
  "temp_pw": 0.9171504184014266,
  "temp_pc": 0.019099068262218636,
  "temp_plw": 2.7993566627787124e-08,
  "temp_ew": -4.332431370247864,
  "temp_ec": 0.00015639573773995608,
  "temp_elw": -4.042439999301436,
  "E0": -4.500702633215211
}